<?xml version="1.0" encoding="UTF-8"?>
<document-formats>
	<document-format>
		<name>Portable Document Format</name>
		<mime-type>application/pdf</mime-type>
		<file-extension>pdf</file-extension>
		<export-options>
			<entry>
				<family>Spreadsheet</family>
				<map>
					<entry>
						<string>FilterName</string>
						<string>calc_pdf_Export</string>
					</entry>
				</map>
			</entry>
			<entry>
				<family>Text</family>
				<map>
					<entry>
						<string>FilterName</string>
						<string>writer_pdf_Export</string>
					</entry>
					<!-- Custom PDF options example: Tagged PDF -->
					<!--
					<entry>
						<string>FilterData</string>
						<map>
							<entry>
								<string>UseTaggedPDF</string>
								<boolean>true</boolean>
							</entry>
						</map>
					</entry>
					-->
				</map>
			</entry>
			<entry>
				<family>Drawing</family>
				<map>
					<entry>
						<string>FilterName</string>
						<string>draw_pdf_Export</string>
					</entry>
				</map>
			</entry>
			<entry>
				<family>Presentation</family>
				<map>
					<entry>
						<string>FilterName</string>
						<string>impress_pdf_Export</string>
					</entry>
				</map>
			</entry>
		</export-options>
		<import-options/>
	</document-format>
	<document-format>
		<name>Macromedia Flash</name>
		<mime-type>application/x-shockwave-flash</mime-type>
		<file-extension>swf</file-extension>
		<export-options>
			<entry>
				<family>Drawing</family>
				<map>
					<entry>
						<string>FilterName</string>
						<string>draw_flash_Export</string>
					</entry>
				</map>
			</entry>
			<entry>
				<family>Presentation</family>
				<map>
					<entry>
						<string>FilterName</string>
						<string>impress_flash_Export</string>
					</entry>
				</map>
			</entry>
		</export-options>
		<import-options/>
	</document-format>
	<document-format>
		<name>XHTML</name>
		<mime-type>application/xhtml+xml</mime-type>
		<file-extension>xhtml</file-extension>
		<export-options>
			<entry>
				<family>Spreadsheet</family>
				<map>
					<entry>
						<string>FilterName</string>
						<string>XHTML Calc File</string>
					</entry>
				</map>
			</entry>
			<entry>
				<family>Text</family>
				<map>
					<entry>
						<string>FilterName</string>
						<string>XHTML Writer File</string>
					</entry>
				</map>
			</entry>
			<entry>
				<family>Presentation</family>
				<map>
					<entry>
						<string>FilterName</string>
						<string>XHTML Impress File</string>
					</entry>
				</map>
			</entry>
		</export-options>
		<import-options/>
	</document-format>
	<document-format>
		<name>HTML</name>
		<family>Text</family>
		<mime-type>text/html</mime-type>
		<file-extension>html</file-extension>
		<export-options>
			<entry>
				<family>Spreadsheet</family>
				<map>
					<entry>
						<string>FilterName</string>
						<string>HTML (StarCalc)</string>
					</entry>
				</map>
			</entry>
			<entry>
				<family>Text</family>
				<map>
					<entry>
						<string>FilterName</string>
						<string>HTML (StarWriter)</string>
					</entry>
				</map>
			</entry>
			<entry>
				<family>Presentation</family>
				<map>
					<entry>
						<string>FilterName</string>
						<string>impress_html_Export</string>
					</entry>
				</map>
			</entry>
		</export-options>
		<import-options/>
	</document-format>
	<document-format>
		<name>OpenDocument Text</name>
		<family>Text</family>
		<mime-type>application/vnd.oasis.opendocument.text</mime-type>
		<file-extension>odt</file-extension>
		<export-options>
			<entry>
				<family>Text</family>
				<map>
					<entry>
						<string>FilterName</string>
						<string>writer8</string>
					</entry>
				</map>
			</entry>
		</export-options>
		<import-options/>
	</document-format>
	<document-format>
		<name>OpenOffice.org 1.0 Text Document</name>
		<family>Text</family>
		<mime-type>application/vnd.sun.xml.writer</mime-type>
		<file-extension>sxw</file-extension>
		<export-options>
			<entry>
				<family>Text</family>
				<map>
					<entry>
						<string>FilterName</string>
						<string>StarOffice XML (Writer)</string>
					</entry>
				</map>
			</entry>
		</export-options>
		<import-options/>
	</document-format>
	<document-format>
		<name>Microsoft Word</name>
		<family>Text</family>
		<mime-type>application/msword</mime-type>
		<file-extension>doc</file-extension>
		<export-options>
			<entry>
				<family>Text</family>
				<map>
					<entry>
						<string>FilterName</string>
						<string>MS Word 97</string>
					</entry>
				</map>
			</entry>
		</export-options>
		<import-options/>
	</document-format>
	<document-format>
		<name>Microsoft Word Template</name>
		<family>Text</family>
		<mime-type>application/msword</mime-type>
		<file-extension>dot</file-extension>
		<export-options/>
		<import-options/>
	</document-format>
	<document-format>
		<name>Microsoft Word 2007 Template</name>
		<family>Text</family>
		<mime-type>application/vnd.openxmlformats-officedocument.wordprocessingml.template</mime-type>
		<file-extension>dotx</file-extension>
		<export-options/>
		<import-options/>
	</document-format>
	<document-format>
		<name>Microsoft Word 2007 XML</name>
		<family>Text</family>
		<mime-type>application/vnd.openxmlformats-officedocument.wordprocessingml.document</mime-type>
		<file-extension>docx</file-extension>
		<export-options/>
		<import-options/>
	</document-format>
	<document-format>
		<name>Microsoft Word with Macros</name>
		<family>Text</family>
		<mime-type>application/vnd.ms-word.document.macroEnabled.12</mime-type>
		<file-extension>docm</file-extension>
		<export-options/>
		<import-options/>
	</document-format>
	<document-format>
		<name>Rich Text Format</name>
		<family>Text</family>
		<mime-type>text/rtf</mime-type>
		<file-extension>rtf</file-extension>
		<export-options>
			<entry>
				<family>Text</family>
				<map>
					<entry>
						<string>FilterName</string>
						<string>Rich Text Format</string>
					</entry>
				</map>
			</entry>
		</export-options>
		<import-options/>
	</document-format>
	<document-format>
		<name>WordPerfect</name>
		<family>Text</family>
		<mime-type>application/wordperfect</mime-type>
		<file-extension>wpd</file-extension>
		<export-options/>
		<import-options/>
	</document-format>
	<document-format>
		<name>Plain Text</name>
		<family>Text</family>
		<mime-type>text/plain</mime-type>
		<file-extension>txt</file-extension>
		<export-options>
			<entry>
				<family>Text</family>
				<map>
					<entry>
						<string>FilterOptions</string>
						<string>UTF8,CRLF</string>
					</entry>
					<entry>
						<string>FilterName</string>
						<string>Text (encoded)</string>
					</entry>
				</map>
			</entry>
		</export-options>
		<import-options>
			<entry>
				<string>FilterOptions</string>
				<string>UTF8,CRLF</string>
			</entry>
			<entry>
				<string>FilterName</string>
				<string>Text (encoded)</string>
			</entry>
		</import-options>
	</document-format>
	<document-format>
		<name>MediaWiki wikitext</name>
		<mime-type>text/x-wiki</mime-type>
		<file-extension>wiki</file-extension>
		<export-options>
			<entry>
				<family>Text</family>
				<map>
					<entry>
						<string>FilterName</string>
						<string>MediaWiki</string>
					</entry>
				</map>
			</entry>
		</export-options>
		<import-options/>
	</document-format>
	<document-format>
		<name>OpenDocument Spreadsheet</name>
		<family>Spreadsheet</family>
		<mime-type>application/vnd.oasis.opendocument.spreadsheet</mime-type>
		<file-extension>ods</file-extension>
		<export-options>
			<entry>
				<family>Spreadsheet</family>
				<map>
					<entry>
						<string>FilterName</string>
						<string>calc8</string>
					</entry>
				</map>
			</entry>
		</export-options>
		<import-options/>
	</document-format>
	<document-format>
		<name>OpenOffice.org 1.0 Spreadsheet</name>
		<family>Spreadsheet</family>
		<mime-type>application/vnd.sun.xml.calc</mime-type>
		<file-extension>sxc</file-extension>
		<export-options>
			<entry>
				<family>Spreadsheet</family>
				<map>
					<entry>
						<string>FilterName</string>
						<string>StarOffice XML (Calc)</string>
					</entry>
				</map>
			</entry>
		</export-options>
		<import-options/>
	</document-format>
	<document-format>
		<name>Microsoft Excel</name>
		<family>Spreadsheet</family>
		<mime-type>application/vnd.ms-excel</mime-type>
		<file-extension>xls</file-extension>
		<export-options>
			<entry>
				<family>Spreadsheet</family>
				<map>
					<entry>
						<string>FilterName</string>
						<string>MS Excel 97</string>
					</entry>
				</map>
			</entry>
		</export-options>
		<import-options/>
	</document-format>
	<document-format>
		<name>Microsoft Excel 2007 XML</name>
		<family>Spreadsheet</family>
		<mime-type>application/vnd.openxmlformats-officedocument.spreadsheetml.sheet</mime-type>
		<file-extension>xlsx</file-extension>
		<export-options/>
		<import-options/>
	</document-format>
	<document-format>
		<name>Microsoft Excel 2007 Template</name>
		<family>Spreadsheet</family>
		<mime-type>application/vnd.openxmlformats-officedocument.spreadsheetml.template</mime-type>
		<file-extension>xltx</file-extension>
		<export-options/>
		<import-options/>
	</document-format>
	<document-format>
		<name>Microsoft Excel with Macros</name>
		<family>Spreadsheet</family>
		<mime-type>application/vnd.ms-excel.sheet.macroEnabled.12</mime-type>
		<file-extension>xlsm</file-extension>
		<export-options/>
		<import-options/>
	</document-format>
	<document-format>
		<name>CSV</name>
		<family>Spreadsheet</family>
		<mime-type>text/csv</mime-type>
		<file-extension>csv</file-extension>
		<export-options>
			<entry>
				<family>Spreadsheet</family>
				<map>
					<entry>
						<string>FilterOptions</string>
						<string>44,34,0</string>
					</entry>
					<entry>
						<string>FilterName</string>
						<string>Text - txt - csv (StarCalc)</string>
					</entry>
				</map>
			</entry>
		</export-options>
		<import-options>
			<entry>
				<string>FilterOptions</string>
				<string>44,34,0</string>
			</entry>
			<entry>
				<string>FilterName</string>
				<string>Text - txt - csv (StarCalc)</string>
			</entry>
		</import-options>
	</document-format>
	<document-format>
		<name>Tab-separated Values</name>
		<family>Spreadsheet</family>
		<mime-type>text/tab-separated-values</mime-type>
		<file-extension>tsv</file-extension>
		<export-options>
			<entry>
				<family>Spreadsheet</family>
				<map>
					<entry>
						<string>FilterOptions</string>
						<string>9,34,0</string>
					</entry>
					<entry>
						<string>FilterName</string>
						<string>Text - txt - csv (StarCalc)</string>
					</entry>
				</map>
			</entry>
		</export-options>
		<import-options>
			<entry>
				<string>FilterOptions</string>
				<string>9,34,0</string>
			</entry>
			<entry>
				<string>FilterName</string>
				<string>Text - txt - csv (StarCalc)</string>
			</entry>
		</import-options>
	</document-format>
	<document-format>
		<name>OpenDocument Presentation</name>
		<family>Presentation</family>
		<mime-type>application/vnd.oasis.opendocument.presentation</mime-type>
		<file-extension>odp</file-extension>
		<export-options>
			<entry>
				<family>Presentation</family>
				<map>
					<entry>
						<string>FilterName</string>
						<string>impress8</string>
					</entry>
				</map>
			</entry>
		</export-options>
		<import-options/>
	</document-format>
	<document-format>
		<name>OpenOffice.org 1.0 Presentation</name>
		<family>Presentation</family>
		<mime-type>application/vnd.sun.xml.impress</mime-type>
		<file-extension>sxi</file-extension>
		<export-options>
			<entry>
				<family>Presentation</family>
				<map>
					<entry>
						<string>FilterName</string>
						<string>StarOffice XML (Impress)</string>
					</entry>
				</map>
			</entry>
		</export-options>
		<import-options/>
	</document-format>
	<document-format>
		<name>Microsoft PowerPoint</name>
		<family>Presentation</family>
		<mime-type>application/vnd.ms-powerpoint</mime-type>
		<file-extension>ppt</file-extension>
		<export-options>
			<entry>
				<family>Presentation</family>
				<map>
					<entry>
						<string>FilterName</string>
						<string>MS PowerPoint 97</string>
					</entry>
				</map>
			</entry>
		</export-options>
		<import-options/>
	</document-format>
	<document-format>
		<name>Microsoft PowerPoint Slideshow</name>
		<family>Presentation</family>
		<mime-type>application/vnd.ms-pps</mime-type>
		<file-extension>pps</file-extension>
		<export-options/>
		<import-options/>
	</document-format>
	<document-format>
		<name>Microsoft PowerPoint 2007 XML</name>
		<family>Presentation</family>
		<mime-type>application/vnd.openxmlformats-officedocument.presentationml.presentation</mime-type>
		<file-extension>pptx</file-extension>
		<export-options/>
		<import-options/>
	</document-format>
	<document-format>
		<name>Microsoft PowerPoint 2007 XML Slideshow</name>
		<family>Presentation</family>
		<mime-type>application/application/vnd.openxmlformats-officedocument.presentationml.slideshow</mime-type>
		<file-extension>ppsx</file-extension>
		<export-options/>
		<import-options/>
	</document-format>
	<document-format>
		<name>OpenDocument Drawing</name>
		<family>Drawing</family>
		<mime-type>application/vnd.oasis.opendocument.graphics</mime-type>
		<file-extension>odg</file-extension>
		<export-options>
			<entry>
				<family>Drawing</family>
				<map>
					<entry>
						<string>FilterName</string>
						<string>draw8</string>
					</entry>
				</map>
			</entry>
		</export-options>
		<import-options/>
	</document-format>
	<document-format>
		<name>Scalable Vector Graphics</name>
		<mime-type>image/svg+xml</mime-type>
		<file-extension>svg</file-extension>
		<export-options>
			<entry>
				<family>Drawing</family>
				<map>
					<entry>
						<string>FilterName</string>
						<string>draw_svg_Export</string>
					</entry>
				</map>
			</entry>
		</export-options>
		<import-options/>
	</document-format>
</document-formats>
