<?xml version="1.0" encoding="UTF-8" ?>
<!DOCTYPE log4j:configuration SYSTEM "log4j.dtd">
<log4j:configuration xmlns:log4j="http://jakarta.apache.org/log4j/">

	<appender name="STDOUT" class="org.apache.log4j.ConsoleAppender">
		<param name="encoding" value="UTF-8" />
		<layout class="org.apache.log4j.PatternLayout">
			<param name="ConversionPattern" value="%-5p %d{dd.MM.yyyy HH:mm:ss.SSS} (%c{2}.%M()[%L]) %m%n"/>
		</layout>
	</appender>

	<appender name="FILE" class="org.apache.log4j.FileAppender">
		<param name="encoding" value="UTF-8" />
		<param name="File" value="config/logs.txt"/>
		<layout class="org.apache.log4j.PatternLayout">
			<param name="ConversionPattern" value="%-5p %d{dd.MM.yyyy HH:mm:ss.SSS} (%c{2}.%M()[%L]) %m%n"/>
		</layout>
	</appender>

	<category name="ch.docuteam">
		<priority value="warn"/>
	</category>

	<!-- Avoid messages like "will always scan up to maximum bytes." -->
	<category name="uk.gov.nationalarchives.droid.core.signature.droid6.InternalSignature">
		<priority value="error"/>
		<appender-ref ref="STDOUT"/>
	</category>

	<category name="org.apache.fop.apps">
		<priority value="error"/>
		<appender-ref ref="STDOUT"/>
	</category>

	<category name="org.icepdf.core.pobjects.Catalog">
		<priority value="error"/>
		<appender-ref ref="STDOUT"/>
	</category>

	<category name="com.artofsolving.jodconverter.openoffice.connection.AbstractOpenOfficeConnection">
		<priority value="error"/>
		<appender-ref ref="STDOUT"/>
	</category>

	<root>
		<priority value="warn"/>
		<appender-ref ref="STDOUT"/>
	</root>

</log4j:configuration>
