<?xml version="1.0" encoding="UTF-8"?>
<METS:mets xmlns:METS="http://www.loc.gov/METS/" xmlns:EAD="urn:isbn:1-931666-22-9" xmlns:PREMIS="info:lc/xmlns/premis-v2" xmlns:OAI_DC="http://www.openarchives.org/OAI/2.0/oai_dc/" xmlns:DC="http://purl.org/dc/elements/1.1/" xmlns:xlink="http://www.w3.org/1999/xlink" xmlns:xsi="http://www.w3.org/2001/XMLSchema-instance" xsi:schemaLocation="   http://www.loc.gov/METS/      http://www.loc.gov/standards/mets/mets.xsd   urn:isbn:1-931666-22-9       http://www.loc.gov/ead/ead.xsd   info:lc/xmlns/premis-v2       http://www.loc.gov/premis/premis.xsd   http://www.openarchives.org/OAI/2.0/oai_dc/  http://www.openarchives.org/OAI/2.0/oai_dc.xsd   http://www.w3.org/1999/xlink     http://www.loc.gov/standards/mets/xlink.xsd" PROFILE="http://www.docuteam.ch/xmlns/sip-profile.xml" TYPE="sa_all-formats-01_dss-01"><METS:metsHdr CREATEDATE="2016-10-20T15:49:37" LASTMODDATE="2016-10-20T15:54:50" RECORDSTATUS="New" ADMID="_20161020154937944"><METS:agent ROLE="CREATOR" TYPE="INDIVIDUAL"><METS:name>FES</METS:name></METS:agent></METS:metsHdr>
	<METS:dmdSec ID="_20161020154938008"><METS:mdWrap MDTYPE="EAD"><METS:xmlData><EAD:ead><EAD:eadheader><EAD:eadid/><EAD:filedesc><EAD:titlestmt><EAD:titleproper/></EAD:titlestmt></EAD:filedesc></EAD:eadheader><EAD:archdesc level="otherlevel"><EAD:did><EAD:unittitle/></EAD:did><EAD:dsc><EAD:c level="otherlevel" otherlevel="Bestand"><EAD:did><EAD:unittitle label="main">Beispielbilder</EAD:unittitle></EAD:did></EAD:c></EAD:dsc></EAD:archdesc></EAD:ead></METS:xmlData></METS:mdWrap></METS:dmdSec><METS:dmdSec ID="_20161020154938034"><METS:mdWrap MDTYPE="EAD"><METS:xmlData><EAD:ead><EAD:eadheader><EAD:eadid/><EAD:filedesc><EAD:titlestmt><EAD:titleproper/></EAD:titlestmt></EAD:filedesc></EAD:eadheader><EAD:archdesc level="otherlevel"><EAD:did><EAD:unittitle/></EAD:did><EAD:dsc><EAD:c level="otherlevel" otherlevel="Serie"><EAD:did><EAD:unittitle label="main">2014-10</EAD:unittitle></EAD:did></EAD:c></EAD:dsc></EAD:archdesc></EAD:ead></METS:xmlData></METS:mdWrap></METS:dmdSec><METS:dmdSec ID="_20161020154941555"><METS:mdWrap MDTYPE="EAD"><METS:xmlData><EAD:ead><EAD:eadheader><EAD:eadid/><EAD:filedesc><EAD:titlestmt><EAD:titleproper/></EAD:titlestmt></EAD:filedesc></EAD:eadheader><EAD:archdesc level="otherlevel"><EAD:did><EAD:unittitle/></EAD:did><EAD:dsc><EAD:c level="otherlevel" otherlevel="Dossier"><EAD:did><EAD:unittitle label="main">Bild0702</EAD:unittitle></EAD:did></EAD:c></EAD:dsc></EAD:archdesc></EAD:ead></METS:xmlData></METS:mdWrap></METS:dmdSec><METS:dmdSec ID="_20161020154941639"><METS:mdWrap MDTYPE="EAD"><METS:xmlData><EAD:ead><EAD:eadheader><EAD:eadid/><EAD:filedesc><EAD:titlestmt><EAD:titleproper/></EAD:titlestmt></EAD:filedesc></EAD:eadheader><EAD:archdesc level="otherlevel"><EAD:did><EAD:unittitle/></EAD:did><EAD:dsc><EAD:c level="otherlevel" otherlevel="Undefiniert"><EAD:did><EAD:unittitle label="main">ebert2</EAD:unittitle></EAD:did></EAD:c></EAD:dsc></EAD:archdesc></EAD:ead></METS:xmlData></METS:mdWrap></METS:dmdSec><METS:dmdSec ID="_20161020154941674"><METS:mdWrap MDTYPE="EAD"><METS:xmlData><EAD:ead><EAD:eadheader><EAD:eadid/><EAD:filedesc><EAD:titlestmt><EAD:titleproper/></EAD:titlestmt></EAD:filedesc></EAD:eadheader><EAD:archdesc level="otherlevel"><EAD:did><EAD:unittitle/></EAD:did><EAD:dsc><EAD:c level="otherlevel" otherlevel="Undefiniert"><EAD:did><EAD:unittitle label="main">FA025733</EAD:unittitle></EAD:did></EAD:c></EAD:dsc></EAD:archdesc></EAD:ead></METS:xmlData></METS:mdWrap></METS:dmdSec><METS:dmdSec ID="_20161020154941705"><METS:mdWrap MDTYPE="EAD"><METS:xmlData><EAD:ead><EAD:eadheader><EAD:eadid/><EAD:filedesc><EAD:titlestmt><EAD:titleproper/></EAD:titlestmt></EAD:filedesc></EAD:eadheader><EAD:archdesc level="otherlevel"><EAD:did><EAD:unittitle/></EAD:did><EAD:dsc><EAD:c level="otherlevel" otherlevel="Undefiniert"><EAD:did><EAD:unittitle label="main">fes</EAD:unittitle></EAD:did></EAD:c></EAD:dsc></EAD:archdesc></EAD:ead></METS:xmlData></METS:mdWrap></METS:dmdSec><METS:dmdSec ID="_20161020154941737"><METS:mdWrap MDTYPE="EAD"><METS:xmlData><EAD:ead><EAD:eadheader><EAD:eadid/><EAD:filedesc><EAD:titlestmt><EAD:titleproper/></EAD:titlestmt></EAD:filedesc></EAD:eadheader><EAD:archdesc level="otherlevel"><EAD:did><EAD:unittitle/></EAD:did><EAD:dsc><EAD:c level="otherlevel" otherlevel="Undefiniert"><EAD:did><EAD:unittitle label="main">frauentag</EAD:unittitle></EAD:did></EAD:c></EAD:dsc></EAD:archdesc></EAD:ead></METS:xmlData></METS:mdWrap></METS:dmdSec><METS:dmdSec ID="_20161020154941776"><METS:mdWrap MDTYPE="EAD"><METS:xmlData><EAD:ead><EAD:eadheader><EAD:eadid/><EAD:filedesc><EAD:titlestmt><EAD:titleproper/></EAD:titlestmt></EAD:filedesc></EAD:eadheader><EAD:archdesc level="otherlevel"><EAD:did><EAD:unittitle/></EAD:did><EAD:dsc><EAD:c level="otherlevel" otherlevel="Undefiniert"><EAD:did><EAD:unittitle label="main">KA000715</EAD:unittitle></EAD:did></EAD:c></EAD:dsc></EAD:archdesc></EAD:ead></METS:xmlData></METS:mdWrap></METS:dmdSec><METS:dmdSec ID="_20161020154941812"><METS:mdWrap MDTYPE="EAD"><METS:xmlData><EAD:ead><EAD:eadheader><EAD:eadid/><EAD:filedesc><EAD:titlestmt><EAD:titleproper/></EAD:titlestmt></EAD:filedesc></EAD:eadheader><EAD:archdesc level="otherlevel"><EAD:did><EAD:unittitle/></EAD:did><EAD:dsc><EAD:c level="otherlevel" otherlevel="Undefiniert"><EAD:did><EAD:unittitle label="main">KA001502</EAD:unittitle></EAD:did></EAD:c></EAD:dsc></EAD:archdesc></EAD:ead></METS:xmlData></METS:mdWrap></METS:dmdSec><METS:dmdSec ID="_20161020154941839"><METS:mdWrap MDTYPE="EAD"><METS:xmlData><EAD:ead><EAD:eadheader><EAD:eadid/><EAD:filedesc><EAD:titlestmt><EAD:titleproper/></EAD:titlestmt></EAD:filedesc></EAD:eadheader><EAD:archdesc level="otherlevel"><EAD:did><EAD:unittitle/></EAD:did><EAD:dsc><EAD:c level="otherlevel" otherlevel="Undefiniert"><EAD:did><EAD:unittitle label="main">KA011427</EAD:unittitle></EAD:did></EAD:c></EAD:dsc></EAD:archdesc></EAD:ead></METS:xmlData></METS:mdWrap></METS:dmdSec><METS:dmdSec ID="_20161020154941940"><METS:mdWrap MDTYPE="EAD"><METS:xmlData><EAD:ead><EAD:eadheader><EAD:eadid/><EAD:filedesc><EAD:titlestmt><EAD:titleproper/></EAD:titlestmt></EAD:filedesc></EAD:eadheader><EAD:archdesc level="otherlevel"><EAD:did><EAD:unittitle/></EAD:did><EAD:dsc><EAD:c level="otherlevel" otherlevel="Undefiniert"><EAD:did><EAD:unittitle label="main">knowledge-1052011_1920</EAD:unittitle></EAD:did></EAD:c></EAD:dsc></EAD:archdesc></EAD:ead></METS:xmlData></METS:mdWrap></METS:dmdSec><METS:dmdSec ID="_20161020154941973"><METS:mdWrap MDTYPE="EAD"><METS:xmlData><EAD:ead><EAD:eadheader><EAD:eadid/><EAD:filedesc><EAD:titlestmt><EAD:titleproper/></EAD:titlestmt></EAD:filedesc></EAD:eadheader><EAD:archdesc level="otherlevel"><EAD:did><EAD:unittitle/></EAD:did><EAD:dsc><EAD:c level="otherlevel" otherlevel="Undefiniert"><EAD:did><EAD:unittitle label="main">Ralf Graef</EAD:unittitle></EAD:did></EAD:c></EAD:dsc></EAD:archdesc></EAD:ead></METS:xmlData></METS:mdWrap></METS:dmdSec><METS:dmdSec ID="_20161020154942096"><METS:mdWrap MDTYPE="EAD"><METS:xmlData><EAD:ead><EAD:eadheader><EAD:eadid/><EAD:filedesc><EAD:titlestmt><EAD:titleproper/></EAD:titlestmt></EAD:filedesc></EAD:eadheader><EAD:archdesc level="otherlevel"><EAD:did><EAD:unittitle/></EAD:did><EAD:dsc><EAD:c level="otherlevel" otherlevel="Undefiniert"><EAD:did><EAD:unittitle label="main">road-1072823_1920</EAD:unittitle></EAD:did></EAD:c></EAD:dsc></EAD:archdesc></EAD:ead></METS:xmlData></METS:mdWrap></METS:dmdSec><METS:dmdSec ID="_20161020154942305"><METS:mdWrap MDTYPE="EAD"><METS:xmlData><EAD:ead><EAD:eadheader><EAD:eadid/><EAD:filedesc><EAD:titlestmt><EAD:titleproper/></EAD:titlestmt></EAD:filedesc></EAD:eadheader><EAD:archdesc level="otherlevel"><EAD:did><EAD:unittitle/></EAD:did><EAD:dsc><EAD:c level="otherlevel" otherlevel="Undefiniert"><EAD:did><EAD:unittitle label="main">tarnschrift</EAD:unittitle></EAD:did></EAD:c></EAD:dsc></EAD:archdesc></EAD:ead></METS:xmlData></METS:mdWrap></METS:dmdSec><METS:dmdSec ID="_20161020154942426"><METS:mdWrap MDTYPE="EAD"><METS:xmlData><EAD:ead><EAD:eadheader><EAD:eadid/><EAD:filedesc><EAD:titlestmt><EAD:titleproper/></EAD:titlestmt></EAD:filedesc></EAD:eadheader><EAD:archdesc level="otherlevel"><EAD:did><EAD:unittitle/></EAD:did><EAD:dsc><EAD:c level="otherlevel" otherlevel="Undefiniert"><EAD:did><EAD:unittitle label="main">thetoydollsbittenbyabedbug</EAD:unittitle></EAD:did></EAD:c></EAD:dsc></EAD:archdesc></EAD:ead></METS:xmlData></METS:mdWrap></METS:dmdSec><METS:dmdSec ID="_20161020154942478"><METS:mdWrap MDTYPE="EAD"><METS:xmlData><EAD:ead><EAD:eadheader><EAD:eadid/><EAD:filedesc><EAD:titlestmt><EAD:titleproper/></EAD:titlestmt></EAD:filedesc></EAD:eadheader><EAD:archdesc level="otherlevel"><EAD:did><EAD:unittitle/></EAD:did><EAD:dsc><EAD:c level="otherlevel" otherlevel="Undefiniert"><EAD:did><EAD:unittitle label="main">venice-1035684_1280</EAD:unittitle></EAD:did></EAD:c></EAD:dsc></EAD:archdesc></EAD:ead></METS:xmlData></METS:mdWrap></METS:dmdSec><METS:amdSec><METS:digiprovMD ID="_20161020154937944"><METS:mdWrap MDTYPE="PREMIS"><METS:xmlData><PREMIS:premis version="2.2"><PREMIS:object xsi:type="PREMIS:representation"><PREMIS:objectIdentifier><PREMIS:objectIdentifierType>Docuteam</PREMIS:objectIdentifierType><PREMIS:objectIdentifierValue>_20161020154937950</PREMIS:objectIdentifierValue></PREMIS:objectIdentifier><PREMIS:environment><PREMIS:software><PREMIS:swName>docuteam darc</PREMIS:swName><PREMIS:swType>2.16.5</PREMIS:swType></PREMIS:software></PREMIS:environment></PREMIS:object></PREMIS:premis></METS:xmlData></METS:mdWrap></METS:digiprovMD><METS:digiprovMD ID="_20161020154937986"><METS:mdWrap MDTYPE="PREMIS"><METS:xmlData><PREMIS:premis version="2.2"><PREMIS:object xsi:type="PREMIS:representation"><PREMIS:objectIdentifier><PREMIS:objectIdentifierType>Docuteam</PREMIS:objectIdentifierType><PREMIS:objectIdentifierValue>_20161020154937987</PREMIS:objectIdentifierValue></PREMIS:objectIdentifier><PREMIS:originalName xlink:type="simple">Beispielbilder</PREMIS:originalName></PREMIS:object><PREMIS:event><PREMIS:eventIdentifier><PREMIS:eventIdentifierType>Docuteam</PREMIS:eventIdentifierType><PREMIS:eventIdentifierValue>_20161020154937998</PREMIS:eventIdentifierValue></PREMIS:eventIdentifier><PREMIS:eventType>Creation</PREMIS:eventType><PREMIS:eventDateTime>2016-10-20T15:49:37</PREMIS:eventDateTime><PREMIS:eventDetail>Performed by: 'FES'</PREMIS:eventDetail><PREMIS:eventOutcomeInformation><PREMIS:eventOutcome>Success</PREMIS:eventOutcome></PREMIS:eventOutcomeInformation><PREMIS:linkingObjectIdentifier xlink:type="simple"><PREMIS:linkingObjectIdentifierType>Docuteam</PREMIS:linkingObjectIdentifierType><PREMIS:linkingObjectIdentifierValue>_20161020154937987</PREMIS:linkingObjectIdentifierValue></PREMIS:linkingObjectIdentifier></PREMIS:event><PREMIS:event><PREMIS:eventIdentifier><PREMIS:eventIdentifierType>Docuteam</PREMIS:eventIdentifierType><PREMIS:eventIdentifierValue>_20161020155446483</PREMIS:eventIdentifierValue></PREMIS:eventIdentifier><PREMIS:eventType>Deletion</PREMIS:eventType><PREMIS:eventDateTime>2016-10-20T15:54:46</PREMIS:eventDateTime><PREMIS:eventDetail>Deleted 'Beispielbilder/ralf matrix.png'. Performed by: 'FES'</PREMIS:eventDetail><PREMIS:eventOutcomeInformation><PREMIS:eventOutcome>Success</PREMIS:eventOutcome></PREMIS:eventOutcomeInformation><PREMIS:linkingObjectIdentifier xlink:type="simple"><PREMIS:linkingObjectIdentifierType>Docuteam</PREMIS:linkingObjectIdentifierType><PREMIS:linkingObjectIdentifierValue>_20161020154937987</PREMIS:linkingObjectIdentifierValue></PREMIS:linkingObjectIdentifier></PREMIS:event></PREMIS:premis></METS:xmlData></METS:mdWrap></METS:digiprovMD><METS:digiprovMD ID="_20161020154938013"><METS:mdWrap MDTYPE="PREMIS"><METS:xmlData><PREMIS:premis version="2.2"><PREMIS:object xsi:type="PREMIS:representation"><PREMIS:objectIdentifier><PREMIS:objectIdentifierType>Docuteam</PREMIS:objectIdentifierType><PREMIS:objectIdentifierValue>_20161020154938014</PREMIS:objectIdentifierValue></PREMIS:objectIdentifier><PREMIS:originalName xlink:type="simple">2014-10</PREMIS:originalName></PREMIS:object><PREMIS:event><PREMIS:eventIdentifier><PREMIS:eventIdentifierType>Docuteam</PREMIS:eventIdentifierType><PREMIS:eventIdentifierValue>_20161020154938024</PREMIS:eventIdentifierValue></PREMIS:eventIdentifier><PREMIS:eventType>Creation</PREMIS:eventType><PREMIS:eventDateTime>2016-10-20T15:49:38</PREMIS:eventDateTime><PREMIS:eventDetail>Performed by: 'FES'</PREMIS:eventDetail><PREMIS:eventOutcomeInformation><PREMIS:eventOutcome>Success</PREMIS:eventOutcome></PREMIS:eventOutcomeInformation><PREMIS:linkingObjectIdentifier xlink:type="simple"><PREMIS:linkingObjectIdentifierType>Docuteam</PREMIS:linkingObjectIdentifierType><PREMIS:linkingObjectIdentifierValue>_20161020154938014</PREMIS:linkingObjectIdentifierValue></PREMIS:linkingObjectIdentifier></PREMIS:event></PREMIS:premis></METS:xmlData></METS:mdWrap></METS:digiprovMD><METS:digiprovMD ID="_20161020154941510"><METS:mdWrap MDTYPE="PREMIS"><METS:xmlData><PREMIS:premis version="2.2"><PREMIS:object xsi:type="PREMIS:file"><PREMIS:objectIdentifier><PREMIS:objectIdentifierType>Docuteam</PREMIS:objectIdentifierType><PREMIS:objectIdentifierValue>_20161020154941511</PREMIS:objectIdentifierValue></PREMIS:objectIdentifier><PREMIS:objectCharacteristics><PREMIS:compositionLevel>0</PREMIS:compositionLevel><PREMIS:fixity><PREMIS:messageDigestAlgorithm>SHA-512</PREMIS:messageDigestAlgorithm><PREMIS:messageDigest>01e46d0219436949c9ac6c992bf48625633cd6ece04a14966e52cce3b6905ea23a625fde3a8a1a99026518b780fb7fc532550c3d53514eae8138ef15a5d6fe54</PREMIS:messageDigest></PREMIS:fixity><PREMIS:size>1158123</PREMIS:size><PREMIS:format><PREMIS:formatDesignation><PREMIS:formatName>Exchangeable Image File Format (Compressed)</PREMIS:formatName></PREMIS:formatDesignation><PREMIS:formatRegistry><PREMIS:formatRegistryName>PRONOM</PREMIS:formatRegistryName><PREMIS:formatRegistryKey>x-fmt/391</PREMIS:formatRegistryKey></PREMIS:formatRegistry></PREMIS:format></PREMIS:objectCharacteristics><PREMIS:originalName xlink:type="simple">Bild0702.jpg</PREMIS:originalName></PREMIS:object><PREMIS:event><PREMIS:eventIdentifier><PREMIS:eventIdentifierType>Docuteam</PREMIS:eventIdentifierType><PREMIS:eventIdentifierValue>_20161020154941545</PREMIS:eventIdentifierValue></PREMIS:eventIdentifier><PREMIS:eventType>Creation</PREMIS:eventType><PREMIS:eventDateTime>2016-10-20T15:49:41</PREMIS:eventDateTime><PREMIS:eventDetail>Performed by: 'FES'</PREMIS:eventDetail><PREMIS:eventOutcomeInformation><PREMIS:eventOutcome>Success</PREMIS:eventOutcome></PREMIS:eventOutcomeInformation><PREMIS:linkingObjectIdentifier xlink:type="simple"><PREMIS:linkingObjectIdentifierType>Docuteam</PREMIS:linkingObjectIdentifierType><PREMIS:linkingObjectIdentifierValue>_20161020154941511</PREMIS:linkingObjectIdentifierValue></PREMIS:linkingObjectIdentifier></PREMIS:event></PREMIS:premis></METS:xmlData></METS:mdWrap></METS:digiprovMD><METS:digiprovMD ID="_20161020154941602"><METS:mdWrap MDTYPE="PREMIS"><METS:xmlData><PREMIS:premis version="2.2"><PREMIS:object xsi:type="PREMIS:file"><PREMIS:objectIdentifier><PREMIS:objectIdentifierType>Docuteam</PREMIS:objectIdentifierType><PREMIS:objectIdentifierValue>_20161020154941612</PREMIS:objectIdentifierValue></PREMIS:objectIdentifier><PREMIS:objectCharacteristics><PREMIS:compositionLevel>0</PREMIS:compositionLevel><PREMIS:fixity><PREMIS:messageDigestAlgorithm>SHA-512</PREMIS:messageDigestAlgorithm><PREMIS:messageDigest>cba7807e411aa6eb5b86cd543adcf4232bd708108a41cd655af5c02fac6137ad166f77370499053e295c4183f057b915896acf1aa12e58b44b1017d89119caed</PREMIS:messageDigest></PREMIS:fixity><PREMIS:size>497420</PREMIS:size><PREMIS:format><PREMIS:formatDesignation><PREMIS:formatName>Waveform Audio (PCMWAVEFORMAT)</PREMIS:formatName></PREMIS:formatDesignation><PREMIS:formatRegistry><PREMIS:formatRegistryName>PRONOM</PREMIS:formatRegistryName><PREMIS:formatRegistryKey>fmt/141</PREMIS:formatRegistryKey></PREMIS:formatRegistry></PREMIS:format></PREMIS:objectCharacteristics><PREMIS:originalName xlink:type="simple">ebert2.wav</PREMIS:originalName></PREMIS:object><PREMIS:event><PREMIS:eventIdentifier><PREMIS:eventIdentifierType>Docuteam</PREMIS:eventIdentifierType><PREMIS:eventIdentifierValue>_20161020154941638</PREMIS:eventIdentifierValue></PREMIS:eventIdentifier><PREMIS:eventType>Creation</PREMIS:eventType><PREMIS:eventDateTime>2016-10-20T15:49:41</PREMIS:eventDateTime><PREMIS:eventDetail>Performed by: 'FES'</PREMIS:eventDetail><PREMIS:eventOutcomeInformation><PREMIS:eventOutcome>Success</PREMIS:eventOutcome></PREMIS:eventOutcomeInformation><PREMIS:linkingObjectIdentifier xlink:type="simple"><PREMIS:linkingObjectIdentifierType>Docuteam</PREMIS:linkingObjectIdentifierType><PREMIS:linkingObjectIdentifierValue>_20161020154941612</PREMIS:linkingObjectIdentifierValue></PREMIS:linkingObjectIdentifier></PREMIS:event></PREMIS:premis></METS:xmlData></METS:mdWrap></METS:digiprovMD><METS:digiprovMD ID="_20161020154941648"><METS:mdWrap MDTYPE="PREMIS"><METS:xmlData><PREMIS:premis version="2.2"><PREMIS:object xsi:type="PREMIS:file"><PREMIS:objectIdentifier><PREMIS:objectIdentifierType>Docuteam</PREMIS:objectIdentifierType><PREMIS:objectIdentifierValue>_20161020154941659</PREMIS:objectIdentifierValue></PREMIS:objectIdentifier><PREMIS:objectCharacteristics><PREMIS:compositionLevel>0</PREMIS:compositionLevel><PREMIS:fixity><PREMIS:messageDigestAlgorithm>SHA-512</PREMIS:messageDigestAlgorithm><PREMIS:messageDigest>8db8803bfe14f76723bde281fc6ccc24cde3a3959f3a8775d10d5bfc352067e24902eafa22fac46d1b2d1090b48444be123c07e726d46acafe153836b380e8c6</PREMIS:messageDigest></PREMIS:fixity><PREMIS:size>287169</PREMIS:size><PREMIS:format><PREMIS:formatDesignation><PREMIS:formatName>JPEG File Interchange Format</PREMIS:formatName></PREMIS:formatDesignation><PREMIS:formatRegistry><PREMIS:formatRegistryName>PRONOM</PREMIS:formatRegistryName><PREMIS:formatRegistryKey>fmt/44</PREMIS:formatRegistryKey></PREMIS:formatRegistry></PREMIS:format></PREMIS:objectCharacteristics><PREMIS:originalName xlink:type="simple">FA025733.jpg</PREMIS:originalName></PREMIS:object><PREMIS:event><PREMIS:eventIdentifier><PREMIS:eventIdentifierType>Docuteam</PREMIS:eventIdentifierType><PREMIS:eventIdentifierValue>_20161020154941663</PREMIS:eventIdentifierValue></PREMIS:eventIdentifier><PREMIS:eventType>Creation</PREMIS:eventType><PREMIS:eventDateTime>2016-10-20T15:49:41</PREMIS:eventDateTime><PREMIS:eventDetail>Performed by: 'FES'</PREMIS:eventDetail><PREMIS:eventOutcomeInformation><PREMIS:eventOutcome>Success</PREMIS:eventOutcome></PREMIS:eventOutcomeInformation><PREMIS:linkingObjectIdentifier xlink:type="simple"><PREMIS:linkingObjectIdentifierType>Docuteam</PREMIS:linkingObjectIdentifierType><PREMIS:linkingObjectIdentifierValue>_20161020154941659</PREMIS:linkingObjectIdentifierValue></PREMIS:linkingObjectIdentifier></PREMIS:event></PREMIS:premis></METS:xmlData></METS:mdWrap></METS:digiprovMD><METS:digiprovMD ID="_20161020154941689"><METS:mdWrap MDTYPE="PREMIS"><METS:xmlData><PREMIS:premis version="2.2"><PREMIS:object xsi:type="PREMIS:file"><PREMIS:objectIdentifier><PREMIS:objectIdentifierType>Docuteam</PREMIS:objectIdentifierType><PREMIS:objectIdentifierValue>_20161020154941690</PREMIS:objectIdentifierValue></PREMIS:objectIdentifier><PREMIS:objectCharacteristics><PREMIS:compositionLevel>0</PREMIS:compositionLevel><PREMIS:fixity><PREMIS:messageDigestAlgorithm>SHA-512</PREMIS:messageDigestAlgorithm><PREMIS:messageDigest>bc799a4bb57632f5497c3c6e99e6efaeb366348f574e5c2ffdb208dc4a786bdbb20230768c0060551156aa9f3279dea9355c3ad75033e615d1fffdd08e3c1875</PREMIS:messageDigest></PREMIS:fixity><PREMIS:size>10328</PREMIS:size><PREMIS:format><PREMIS:formatDesignation><PREMIS:formatName>Portable Network Graphics</PREMIS:formatName></PREMIS:formatDesignation><PREMIS:formatRegistry><PREMIS:formatRegistryName>PRONOM</PREMIS:formatRegistryName><PREMIS:formatRegistryKey>fmt/12</PREMIS:formatRegistryKey></PREMIS:formatRegistry></PREMIS:format></PREMIS:objectCharacteristics><PREMIS:originalName xlink:type="simple">fes.png</PREMIS:originalName></PREMIS:object><PREMIS:event><PREMIS:eventIdentifier><PREMIS:eventIdentifierType>Docuteam</PREMIS:eventIdentifierType><PREMIS:eventIdentifierValue>_20161020154941695</PREMIS:eventIdentifierValue></PREMIS:eventIdentifier><PREMIS:eventType>Creation</PREMIS:eventType><PREMIS:eventDateTime>2016-10-20T15:49:41</PREMIS:eventDateTime><PREMIS:eventDetail>Performed by: 'FES'</PREMIS:eventDetail><PREMIS:eventOutcomeInformation><PREMIS:eventOutcome>Success</PREMIS:eventOutcome></PREMIS:eventOutcomeInformation><PREMIS:linkingObjectIdentifier xlink:type="simple"><PREMIS:linkingObjectIdentifierType>Docuteam</PREMIS:linkingObjectIdentifierType><PREMIS:linkingObjectIdentifierValue>_20161020154941690</PREMIS:linkingObjectIdentifierValue></PREMIS:linkingObjectIdentifier></PREMIS:event></PREMIS:premis></METS:xmlData></METS:mdWrap></METS:digiprovMD><METS:digiprovMD ID="_20161020154941733"><METS:mdWrap MDTYPE="PREMIS"><METS:xmlData><PREMIS:premis version="2.2"><PREMIS:object xsi:type="PREMIS:file"><PREMIS:objectIdentifier><PREMIS:objectIdentifierType>Docuteam</PREMIS:objectIdentifierType><PREMIS:objectIdentifierValue>_20161020154941734</PREMIS:objectIdentifierValue></PREMIS:objectIdentifier><PREMIS:objectCharacteristics><PREMIS:compositionLevel>0</PREMIS:compositionLevel><PREMIS:fixity><PREMIS:messageDigestAlgorithm>SHA-512</PREMIS:messageDigestAlgorithm><PREMIS:messageDigest>c1ec3613b55416136d81d0616218e8a8c63465475a8213eb753df54e53d4d7c1789e96dc9d3712737bbb13ae7a13bec8d0323518bf421509f3c691538fe27521</PREMIS:messageDigest></PREMIS:fixity><PREMIS:size>49250</PREMIS:size><PREMIS:format><PREMIS:formatDesignation><PREMIS:formatName>Portable Network Graphics</PREMIS:formatName></PREMIS:formatDesignation><PREMIS:formatRegistry><PREMIS:formatRegistryName>PRONOM</PREMIS:formatRegistryName><PREMIS:formatRegistryKey>fmt/12</PREMIS:formatRegistryKey></PREMIS:formatRegistry></PREMIS:format></PREMIS:objectCharacteristics><PREMIS:originalName xlink:type="simple">frauentag.png</PREMIS:originalName></PREMIS:object><PREMIS:event><PREMIS:eventIdentifier><PREMIS:eventIdentifierType>Docuteam</PREMIS:eventIdentifierType><PREMIS:eventIdentifierValue>_20161020154941736</PREMIS:eventIdentifierValue></PREMIS:eventIdentifier><PREMIS:eventType>Creation</PREMIS:eventType><PREMIS:eventDateTime>2016-10-20T15:49:41</PREMIS:eventDateTime><PREMIS:eventDetail>Performed by: 'FES'</PREMIS:eventDetail><PREMIS:eventOutcomeInformation><PREMIS:eventOutcome>Success</PREMIS:eventOutcome></PREMIS:eventOutcomeInformation><PREMIS:linkingObjectIdentifier xlink:type="simple"><PREMIS:linkingObjectIdentifierType>Docuteam</PREMIS:linkingObjectIdentifierType><PREMIS:linkingObjectIdentifierValue>_20161020154941734</PREMIS:linkingObjectIdentifierValue></PREMIS:linkingObjectIdentifier></PREMIS:event></PREMIS:premis></METS:xmlData></METS:mdWrap></METS:digiprovMD><METS:digiprovMD ID="_20161020154941762"><METS:mdWrap MDTYPE="PREMIS"><METS:xmlData><PREMIS:premis version="2.2"><PREMIS:object xsi:type="PREMIS:file"><PREMIS:objectIdentifier><PREMIS:objectIdentifierType>Docuteam</PREMIS:objectIdentifierType><PREMIS:objectIdentifierValue>_20161020154941763</PREMIS:objectIdentifierValue></PREMIS:objectIdentifier><PREMIS:objectCharacteristics><PREMIS:compositionLevel>0</PREMIS:compositionLevel><PREMIS:fixity><PREMIS:messageDigestAlgorithm>SHA-512</PREMIS:messageDigestAlgorithm><PREMIS:messageDigest>dc8f2ae2baeb80021b7f536436515b4ad572e3d7ba132a72242c0573d120ef611f71b001dfe961963246fa93d19998cde50260ba09fc93bb37136b7f21b8ed84</PREMIS:messageDigest></PREMIS:fixity><PREMIS:size>136488</PREMIS:size><PREMIS:format><PREMIS:formatDesignation><PREMIS:formatName>JPEG File Interchange Format</PREMIS:formatName></PREMIS:formatDesignation><PREMIS:formatRegistry><PREMIS:formatRegistryName>PRONOM</PREMIS:formatRegistryName><PREMIS:formatRegistryKey>fmt/43</PREMIS:formatRegistryKey></PREMIS:formatRegistry></PREMIS:format></PREMIS:objectCharacteristics><PREMIS:originalName xlink:type="simple">KA000715.jpg</PREMIS:originalName></PREMIS:object><PREMIS:event><PREMIS:eventIdentifier><PREMIS:eventIdentifierType>Docuteam</PREMIS:eventIdentifierType><PREMIS:eventIdentifierValue>_20161020154941766</PREMIS:eventIdentifierValue></PREMIS:eventIdentifier><PREMIS:eventType>Creation</PREMIS:eventType><PREMIS:eventDateTime>2016-10-20T15:49:41</PREMIS:eventDateTime><PREMIS:eventDetail>Performed by: 'FES'</PREMIS:eventDetail><PREMIS:eventOutcomeInformation><PREMIS:eventOutcome>Success</PREMIS:eventOutcome></PREMIS:eventOutcomeInformation><PREMIS:linkingObjectIdentifier xlink:type="simple"><PREMIS:linkingObjectIdentifierType>Docuteam</PREMIS:linkingObjectIdentifierType><PREMIS:linkingObjectIdentifierValue>_20161020154941763</PREMIS:linkingObjectIdentifierValue></PREMIS:linkingObjectIdentifier></PREMIS:event></PREMIS:premis></METS:xmlData></METS:mdWrap></METS:digiprovMD><METS:digiprovMD ID="_20161020154941797"><METS:mdWrap MDTYPE="PREMIS"><METS:xmlData><PREMIS:premis version="2.2"><PREMIS:object xsi:type="PREMIS:file"><PREMIS:objectIdentifier><PREMIS:objectIdentifierType>Docuteam</PREMIS:objectIdentifierType><PREMIS:objectIdentifierValue>_20161020154941798</PREMIS:objectIdentifierValue></PREMIS:objectIdentifier><PREMIS:objectCharacteristics><PREMIS:compositionLevel>0</PREMIS:compositionLevel><PREMIS:fixity><PREMIS:messageDigestAlgorithm>SHA-512</PREMIS:messageDigestAlgorithm><PREMIS:messageDigest>b46e33a7f789bb43c4b0d5e4cd6a90c307a7fd2fa3ae0e24995ef7080e419bede71ded4d59cbe70d8e030afc931229ebe2b4d0bbc28f949147dfa563161e51b0</PREMIS:messageDigest></PREMIS:fixity><PREMIS:size>76286</PREMIS:size><PREMIS:format><PREMIS:formatDesignation><PREMIS:formatName>JPEG File Interchange Format</PREMIS:formatName></PREMIS:formatDesignation><PREMIS:formatRegistry><PREMIS:formatRegistryName>PRONOM</PREMIS:formatRegistryName><PREMIS:formatRegistryKey>fmt/43</PREMIS:formatRegistryKey></PREMIS:formatRegistry></PREMIS:format></PREMIS:objectCharacteristics><PREMIS:originalName xlink:type="simple">KA001502.jpg</PREMIS:originalName></PREMIS:object><PREMIS:event><PREMIS:eventIdentifier><PREMIS:eventIdentifierType>Docuteam</PREMIS:eventIdentifierType><PREMIS:eventIdentifierValue>_20161020154941801</PREMIS:eventIdentifierValue></PREMIS:eventIdentifier><PREMIS:eventType>Creation</PREMIS:eventType><PREMIS:eventDateTime>2016-10-20T15:49:41</PREMIS:eventDateTime><PREMIS:eventDetail>Performed by: 'FES'</PREMIS:eventDetail><PREMIS:eventOutcomeInformation><PREMIS:eventOutcome>Success</PREMIS:eventOutcome></PREMIS:eventOutcomeInformation><PREMIS:linkingObjectIdentifier xlink:type="simple"><PREMIS:linkingObjectIdentifierType>Docuteam</PREMIS:linkingObjectIdentifierType><PREMIS:linkingObjectIdentifierValue>_20161020154941798</PREMIS:linkingObjectIdentifierValue></PREMIS:linkingObjectIdentifier></PREMIS:event></PREMIS:premis></METS:xmlData></METS:mdWrap></METS:digiprovMD><METS:digiprovMD ID="_20161020154941825"><METS:mdWrap MDTYPE="PREMIS"><METS:xmlData><PREMIS:premis version="2.2"><PREMIS:object xsi:type="PREMIS:file"><PREMIS:objectIdentifier><PREMIS:objectIdentifierType>Docuteam</PREMIS:objectIdentifierType><PREMIS:objectIdentifierValue>_20161020154941835</PREMIS:objectIdentifierValue></PREMIS:objectIdentifier><PREMIS:objectCharacteristics><PREMIS:compositionLevel>0</PREMIS:compositionLevel><PREMIS:fixity><PREMIS:messageDigestAlgorithm>SHA-512</PREMIS:messageDigestAlgorithm><PREMIS:messageDigest>2171135fdd6deb170bb04bb487941eca01d0e518984e8818f40c5f356a90a21b89d366135dd90ca9678dd7466649a046eb1a9c350798e843d1f898a293c66bc8</PREMIS:messageDigest></PREMIS:fixity><PREMIS:size>122762</PREMIS:size><PREMIS:format><PREMIS:formatDesignation><PREMIS:formatName>JPEG File Interchange Format</PREMIS:formatName></PREMIS:formatDesignation><PREMIS:formatRegistry><PREMIS:formatRegistryName>PRONOM</PREMIS:formatRegistryName><PREMIS:formatRegistryKey>fmt/43</PREMIS:formatRegistryKey></PREMIS:formatRegistry></PREMIS:format></PREMIS:objectCharacteristics><PREMIS:originalName xlink:type="simple">KA011427.jpg</PREMIS:originalName></PREMIS:object><PREMIS:event><PREMIS:eventIdentifier><PREMIS:eventIdentifierType>Docuteam</PREMIS:eventIdentifierType><PREMIS:eventIdentifierValue>_20161020154941838</PREMIS:eventIdentifierValue></PREMIS:eventIdentifier><PREMIS:eventType>Creation</PREMIS:eventType><PREMIS:eventDateTime>2016-10-20T15:49:41</PREMIS:eventDateTime><PREMIS:eventDetail>Performed by: 'FES'</PREMIS:eventDetail><PREMIS:eventOutcomeInformation><PREMIS:eventOutcome>Success</PREMIS:eventOutcome></PREMIS:eventOutcomeInformation><PREMIS:linkingObjectIdentifier xlink:type="simple"><PREMIS:linkingObjectIdentifierType>Docuteam</PREMIS:linkingObjectIdentifierType><PREMIS:linkingObjectIdentifierValue>_20161020154941835</PREMIS:linkingObjectIdentifierValue></PREMIS:linkingObjectIdentifier></PREMIS:event></PREMIS:premis></METS:xmlData></METS:mdWrap></METS:digiprovMD><METS:digiprovMD ID="_20161020154941914"><METS:mdWrap MDTYPE="PREMIS"><METS:xmlData><PREMIS:premis version="2.2"><PREMIS:object xsi:type="PREMIS:file"><PREMIS:objectIdentifier><PREMIS:objectIdentifierType>Docuteam</PREMIS:objectIdentifierType><PREMIS:objectIdentifierValue>_20161020154941924</PREMIS:objectIdentifierValue></PREMIS:objectIdentifier><PREMIS:objectCharacteristics><PREMIS:compositionLevel>0</PREMIS:compositionLevel><PREMIS:fixity><PREMIS:messageDigestAlgorithm>SHA-512</PREMIS:messageDigestAlgorithm><PREMIS:messageDigest>127d62bf606f763a0509e2d2cd4db675ecca72415829e8b618062f10cbe2e9e187274624b00ab5a7c0897639f5df3bd29f79ceb633f00e2ede57df1470dbfd97</PREMIS:messageDigest></PREMIS:fixity><PREMIS:size>494079</PREMIS:size><PREMIS:format><PREMIS:formatDesignation><PREMIS:formatName>JPEG File Interchange Format</PREMIS:formatName></PREMIS:formatDesignation><PREMIS:formatRegistry><PREMIS:formatRegistryName>PRONOM</PREMIS:formatRegistryName><PREMIS:formatRegistryKey>fmt/43</PREMIS:formatRegistryKey></PREMIS:formatRegistry></PREMIS:format></PREMIS:objectCharacteristics><PREMIS:originalName xlink:type="simple">knowledge-1052011_1920.jpg</PREMIS:originalName></PREMIS:object><PREMIS:event><PREMIS:eventIdentifier><PREMIS:eventIdentifierType>Docuteam</PREMIS:eventIdentifierType><PREMIS:eventIdentifierValue>_20161020154941930</PREMIS:eventIdentifierValue></PREMIS:eventIdentifier><PREMIS:eventType>Creation</PREMIS:eventType><PREMIS:eventDateTime>2016-10-20T15:49:41</PREMIS:eventDateTime><PREMIS:eventDetail>Performed by: 'FES'</PREMIS:eventDetail><PREMIS:eventOutcomeInformation><PREMIS:eventOutcome>Success</PREMIS:eventOutcome></PREMIS:eventOutcomeInformation><PREMIS:linkingObjectIdentifier xlink:type="simple"><PREMIS:linkingObjectIdentifierType>Docuteam</PREMIS:linkingObjectIdentifierType><PREMIS:linkingObjectIdentifierValue>_20161020154941924</PREMIS:linkingObjectIdentifierValue></PREMIS:linkingObjectIdentifier></PREMIS:event></PREMIS:premis></METS:xmlData></METS:mdWrap></METS:digiprovMD><METS:digiprovMD ID="_20161020154941951"><METS:mdWrap MDTYPE="PREMIS"><METS:xmlData><PREMIS:premis version="2.2"><PREMIS:object xsi:type="PREMIS:file"><PREMIS:objectIdentifier><PREMIS:objectIdentifierType>Docuteam</PREMIS:objectIdentifierType><PREMIS:objectIdentifierValue>_20161020154941961</PREMIS:objectIdentifierValue></PREMIS:objectIdentifier><PREMIS:objectCharacteristics><PREMIS:compositionLevel>0</PREMIS:compositionLevel><PREMIS:fixity><PREMIS:messageDigestAlgorithm>SHA-512</PREMIS:messageDigestAlgorithm><PREMIS:messageDigest>424b115a3c7982f244078c9dacbba8f939126dc6b7435b50bf2c6e3fb21d8a43916d9046cc4ebe49156af822876fcdbbb2ae908ce3cea45c5054fb930c3e515f</PREMIS:messageDigest></PREMIS:fixity><PREMIS:size>28730</PREMIS:size><PREMIS:format><PREMIS:formatDesignation><PREMIS:formatName>JPEG File Interchange Format</PREMIS:formatName></PREMIS:formatDesignation><PREMIS:formatRegistry><PREMIS:formatRegistryName>PRONOM</PREMIS:formatRegistryName><PREMIS:formatRegistryKey>fmt/43</PREMIS:formatRegistryKey></PREMIS:formatRegistry></PREMIS:format></PREMIS:objectCharacteristics><PREMIS:originalName xlink:type="simple">Ralf Graef.jpg</PREMIS:originalName></PREMIS:object><PREMIS:event><PREMIS:eventIdentifier><PREMIS:eventIdentifierType>Docuteam</PREMIS:eventIdentifierType><PREMIS:eventIdentifierValue>_20161020154941963</PREMIS:eventIdentifierValue></PREMIS:eventIdentifier><PREMIS:eventType>Creation</PREMIS:eventType><PREMIS:eventDateTime>2016-10-20T15:49:41</PREMIS:eventDateTime><PREMIS:eventDetail>Performed by: 'FES'</PREMIS:eventDetail><PREMIS:eventOutcomeInformation><PREMIS:eventOutcome>Success</PREMIS:eventOutcome></PREMIS:eventOutcomeInformation><PREMIS:linkingObjectIdentifier xlink:type="simple"><PREMIS:linkingObjectIdentifierType>Docuteam</PREMIS:linkingObjectIdentifierType><PREMIS:linkingObjectIdentifierValue>_20161020154941961</PREMIS:linkingObjectIdentifierValue></PREMIS:linkingObjectIdentifier></PREMIS:event></PREMIS:premis></METS:xmlData></METS:mdWrap></METS:digiprovMD><METS:digiprovMD ID="_20161020154942074"><METS:mdWrap MDTYPE="PREMIS"><METS:xmlData><PREMIS:premis version="2.2"><PREMIS:object xsi:type="PREMIS:file"><PREMIS:objectIdentifier><PREMIS:objectIdentifierType>Docuteam</PREMIS:objectIdentifierType><PREMIS:objectIdentifierValue>_20161020154942075</PREMIS:objectIdentifierValue></PREMIS:objectIdentifier><PREMIS:objectCharacteristics><PREMIS:compositionLevel>0</PREMIS:compositionLevel><PREMIS:fixity><PREMIS:messageDigestAlgorithm>SHA-512</PREMIS:messageDigestAlgorithm><PREMIS:messageDigest>6362a09b6c2dd0ec0a2c1829481ffbef0fbe0b1a09d6a436b946776242a358ff0c1de14e5cc105e3642895429e694d9341f00560a42660bb0c7c99c45b86bd66</PREMIS:messageDigest></PREMIS:fixity><PREMIS:size>1413495</PREMIS:size><PREMIS:format><PREMIS:formatDesignation><PREMIS:formatName>JPEG File Interchange Format</PREMIS:formatName></PREMIS:formatDesignation><PREMIS:formatRegistry><PREMIS:formatRegistryName>PRONOM</PREMIS:formatRegistryName><PREMIS:formatRegistryKey>fmt/43</PREMIS:formatRegistryKey></PREMIS:formatRegistry></PREMIS:format></PREMIS:objectCharacteristics><PREMIS:originalName xlink:type="simple">road-1072823_1920.jpg</PREMIS:originalName></PREMIS:object><PREMIS:event><PREMIS:eventIdentifier><PREMIS:eventIdentifierType>Docuteam</PREMIS:eventIdentifierType><PREMIS:eventIdentifierValue>_20161020154942086</PREMIS:eventIdentifierValue></PREMIS:eventIdentifier><PREMIS:eventType>Creation</PREMIS:eventType><PREMIS:eventDateTime>2016-10-20T15:49:42</PREMIS:eventDateTime><PREMIS:eventDetail>Performed by: 'FES'</PREMIS:eventDetail><PREMIS:eventOutcomeInformation><PREMIS:eventOutcome>Success</PREMIS:eventOutcome></PREMIS:eventOutcomeInformation><PREMIS:linkingObjectIdentifier xlink:type="simple"><PREMIS:linkingObjectIdentifierType>Docuteam</PREMIS:linkingObjectIdentifierType><PREMIS:linkingObjectIdentifierValue>_20161020154942075</PREMIS:linkingObjectIdentifierValue></PREMIS:linkingObjectIdentifier></PREMIS:event></PREMIS:premis></METS:xmlData></METS:mdWrap></METS:digiprovMD><METS:digiprovMD ID="_20161020154942224"><METS:mdWrap MDTYPE="PREMIS"><METS:xmlData><PREMIS:premis version="2.2"><PREMIS:object xsi:type="PREMIS:file"><PREMIS:objectIdentifier><PREMIS:objectIdentifierType>Docuteam</PREMIS:objectIdentifierType><PREMIS:objectIdentifierValue>_20161020154942234</PREMIS:objectIdentifierValue></PREMIS:objectIdentifier><PREMIS:objectCharacteristics><PREMIS:compositionLevel>0</PREMIS:compositionLevel><PREMIS:fixity><PREMIS:messageDigestAlgorithm>SHA-512</PREMIS:messageDigestAlgorithm><PREMIS:messageDigest>84ceebf0d3c4505ed270c51d392d89c79358ba3f9c9d92ce4bf71511830dcabc64c8eabd9783491efebf862185bf921544330453e21c04445439a2b3f6dbd2f4</PREMIS:messageDigest></PREMIS:fixity><PREMIS:size>2499408</PREMIS:size><PREMIS:format><PREMIS:formatDesignation><PREMIS:formatName>Acrobat PDF 1.3 - Portable Document Format</PREMIS:formatName></PREMIS:formatDesignation><PREMIS:formatRegistry><PREMIS:formatRegistryName>PRONOM</PREMIS:formatRegistryName><PREMIS:formatRegistryKey>fmt/17</PREMIS:formatRegistryKey></PREMIS:formatRegistry></PREMIS:format></PREMIS:objectCharacteristics><PREMIS:originalName xlink:type="simple">tarnschrift.pdf</PREMIS:originalName></PREMIS:object><PREMIS:event><PREMIS:eventIdentifier><PREMIS:eventIdentifierType>Docuteam</PREMIS:eventIdentifierType><PREMIS:eventIdentifierValue>_20161020154942304</PREMIS:eventIdentifierValue></PREMIS:eventIdentifier><PREMIS:eventType>Creation</PREMIS:eventType><PREMIS:eventDateTime>2016-10-20T15:49:42</PREMIS:eventDateTime><PREMIS:eventDetail>Performed by: 'FES'</PREMIS:eventDetail><PREMIS:eventOutcomeInformation><PREMIS:eventOutcome>Success</PREMIS:eventOutcome></PREMIS:eventOutcomeInformation><PREMIS:linkingObjectIdentifier xlink:type="simple"><PREMIS:linkingObjectIdentifierType>Docuteam</PREMIS:linkingObjectIdentifierType><PREMIS:linkingObjectIdentifierValue>_20161020154942234</PREMIS:linkingObjectIdentifierValue></PREMIS:linkingObjectIdentifier></PREMIS:event></PREMIS:premis></METS:xmlData></METS:mdWrap></METS:digiprovMD><METS:digiprovMD ID="_20161020154942374"><METS:mdWrap MDTYPE="PREMIS"><METS:xmlData><PREMIS:premis version="2.2"><PREMIS:object xsi:type="PREMIS:file"><PREMIS:objectIdentifier><PREMIS:objectIdentifierType>Docuteam</PREMIS:objectIdentifierType><PREMIS:objectIdentifierValue>_20161020154942384</PREMIS:objectIdentifierValue></PREMIS:objectIdentifier><PREMIS:objectCharacteristics><PREMIS:compositionLevel>0</PREMIS:compositionLevel><PREMIS:fixity><PREMIS:messageDigestAlgorithm>SHA-512</PREMIS:messageDigestAlgorithm><PREMIS:messageDigest>83c35a55ea20256ff4a3326dfdb56709e6d612cd237ea83e80e84e775c35ffc004c2f061d4af215c616731ecca1ef3a2de21ed8450fb0d0e26ef5b571768f5e1</PREMIS:messageDigest></PREMIS:fixity><PREMIS:size>4374777</PREMIS:size><PREMIS:format><PREMIS:formatDesignation><PREMIS:formatName/></PREMIS:formatDesignation><PREMIS:formatRegistry><PREMIS:formatRegistryName>PRONOM</PREMIS:formatRegistryName><PREMIS:formatRegistryKey/></PREMIS:formatRegistry></PREMIS:format></PREMIS:objectCharacteristics><PREMIS:originalName xlink:type="simple">thetoydollsbittenbyabedbug.mp3</PREMIS:originalName></PREMIS:object><PREMIS:event><PREMIS:eventIdentifier><PREMIS:eventIdentifierType>Docuteam</PREMIS:eventIdentifierType><PREMIS:eventIdentifierValue>_20161020154942416</PREMIS:eventIdentifierValue></PREMIS:eventIdentifier><PREMIS:eventType>Creation</PREMIS:eventType><PREMIS:eventDateTime>2016-10-20T15:49:42</PREMIS:eventDateTime><PREMIS:eventDetail>Performed by: 'FES'</PREMIS:eventDetail><PREMIS:eventOutcomeInformation><PREMIS:eventOutcome>Success</PREMIS:eventOutcome></PREMIS:eventOutcomeInformation><PREMIS:linkingObjectIdentifier xlink:type="simple"><PREMIS:linkingObjectIdentifierType>Docuteam</PREMIS:linkingObjectIdentifierType><PREMIS:linkingObjectIdentifierValue>_20161020154942384</PREMIS:linkingObjectIdentifierValue></PREMIS:linkingObjectIdentifier></PREMIS:event></PREMIS:premis></METS:xmlData></METS:mdWrap></METS:digiprovMD><METS:digiprovMD ID="_20161020154942454"><METS:mdWrap MDTYPE="PREMIS"><METS:xmlData><PREMIS:premis version="2.2"><PREMIS:object xsi:type="PREMIS:file"><PREMIS:objectIdentifier><PREMIS:objectIdentifierType>Docuteam</PREMIS:objectIdentifierType><PREMIS:objectIdentifierValue>_20161020154942464</PREMIS:objectIdentifierValue></PREMIS:objectIdentifier><PREMIS:objectCharacteristics><PREMIS:compositionLevel>0</PREMIS:compositionLevel><PREMIS:fixity><PREMIS:messageDigestAlgorithm>SHA-512</PREMIS:messageDigestAlgorithm><PREMIS:messageDigest>a91ca72de94416b4587be7b7bfd2dc562bad805cf0ae12d600ae812c2d053248a448adcb5ff4004c0dcd37c6410d2276f3028739d9a0565d15f19398b993fd59</PREMIS:messageDigest></PREMIS:fixity><PREMIS:size>210959</PREMIS:size><PREMIS:format><PREMIS:formatDesignation><PREMIS:formatName>JPEG File Interchange Format</PREMIS:formatName></PREMIS:formatDesignation><PREMIS:formatRegistry><PREMIS:formatRegistryName>PRONOM</PREMIS:formatRegistryName><PREMIS:formatRegistryKey>fmt/43</PREMIS:formatRegistryKey></PREMIS:formatRegistry></PREMIS:format></PREMIS:objectCharacteristics><PREMIS:originalName xlink:type="simple">venice-1035684_1280.jpg</PREMIS:originalName></PREMIS:object><PREMIS:event><PREMIS:eventIdentifier><PREMIS:eventIdentifierType>Docuteam</PREMIS:eventIdentifierType><PREMIS:eventIdentifierValue>_20161020154942468</PREMIS:eventIdentifierValue></PREMIS:eventIdentifier><PREMIS:eventType>Creation</PREMIS:eventType><PREMIS:eventDateTime>2016-10-20T15:49:42</PREMIS:eventDateTime><PREMIS:eventDetail>Performed by: 'FES'</PREMIS:eventDetail><PREMIS:eventOutcomeInformation><PREMIS:eventOutcome>Success</PREMIS:eventOutcome></PREMIS:eventOutcomeInformation><PREMIS:linkingObjectIdentifier xlink:type="simple"><PREMIS:linkingObjectIdentifierType>Docuteam</PREMIS:linkingObjectIdentifierType><PREMIS:linkingObjectIdentifierValue>_20161020154942464</PREMIS:linkingObjectIdentifierValue></PREMIS:linkingObjectIdentifier></PREMIS:event></PREMIS:premis></METS:xmlData></METS:mdWrap></METS:digiprovMD></METS:amdSec>
	<METS:fileSec>
		<METS:fileGrp><METS:file ID="_20161020154938080" MIMETYPE="image/jpeg"><METS:FLocat LOCTYPE="URL" xlink:href="file:///Beispielbilder/2014-10/Bild0702.jpg"/></METS:file><METS:file ID="_20161020154941579" MIMETYPE="audio/x-wav"><METS:FLocat LOCTYPE="URL" xlink:href="file:///Beispielbilder/ebert2.wav"/></METS:file><METS:file ID="_20161020154941645" MIMETYPE="image/jpeg"><METS:FLocat LOCTYPE="URL" xlink:href="file:///Beispielbilder/FA025733.jpg"/></METS:file><METS:file ID="_20161020154941682" MIMETYPE="image/png"><METS:FLocat LOCTYPE="URL" xlink:href="file:///Beispielbilder/fes.png"/></METS:file><METS:file ID="_20161020154941722" MIMETYPE="image/png"><METS:FLocat LOCTYPE="URL" xlink:href="file:///Beispielbilder/frauentag.png"/></METS:file><METS:file ID="_20161020154941760" MIMETYPE="image/jpeg"><METS:FLocat LOCTYPE="URL" xlink:href="file:///Beispielbilder/KA000715.jpg"/></METS:file><METS:file ID="_20161020154941795" MIMETYPE="image/jpeg"><METS:FLocat LOCTYPE="URL" xlink:href="file:///Beispielbilder/KA001502.jpg"/></METS:file><METS:file ID="_20161020154941822" MIMETYPE="image/jpeg"><METS:FLocat LOCTYPE="URL" xlink:href="file:///Beispielbilder/KA011427.jpg"/></METS:file><METS:file ID="_20161020154941911" MIMETYPE="image/jpeg"><METS:FLocat LOCTYPE="URL" xlink:href="file:///Beispielbilder/knowledge-1052011_1920.jpg"/></METS:file><METS:file ID="_20161020154941948" MIMETYPE="image/jpeg"><METS:FLocat LOCTYPE="URL" xlink:href="file:///Beispielbilder/Ralf Graef.jpg"/></METS:file><METS:file ID="_20161020154942072" MIMETYPE="image/jpeg"><METS:FLocat LOCTYPE="URL" xlink:href="file:///Beispielbilder/road-1072823_1920.jpg"/></METS:file><METS:file ID="_20161020154942184" MIMETYPE="application/pdf"><METS:FLocat LOCTYPE="URL" xlink:href="file:///Beispielbilder/tarnschrift.pdf"/></METS:file><METS:file ID="_20161020154942371" MIMETYPE=""><METS:FLocat LOCTYPE="URL" xlink:href="file:///Beispielbilder/thetoydollsbittenbyabedbug.mp3"/></METS:file><METS:file ID="_20161020154942451" MIMETYPE="image/jpeg"><METS:FLocat LOCTYPE="URL" xlink:href="file:///Beispielbilder/venice-1035684_1280.jpg"/></METS:file></METS:fileGrp>
	</METS:fileSec>
	<METS:structMap>
		
	<METS:div LABEL="Beispielbilder" TYPE="rootfolder" ADMID="_20161020154937986"><METS:div LABEL="EAD" TYPE="metadata" DMDID="_20161020154938008"/><METS:div LABEL="2014-10" TYPE="folder" ADMID="_20161020154938013"><METS:div LABEL="EAD" TYPE="metadata" DMDID="_20161020154938034"/><METS:div LABEL="Bild0702.jpg" TYPE="file" ADMID="_20161020154941510"><METS:div LABEL="Content" TYPE="content"><METS:fptr FILEID="_20161020154938080"/></METS:div><METS:div LABEL="EAD" TYPE="metadata" DMDID="_20161020154941555"/></METS:div></METS:div><METS:div LABEL="ebert2.wav" TYPE="file" ADMID="_20161020154941602"><METS:div LABEL="Content" TYPE="content"><METS:fptr FILEID="_20161020154941579"/></METS:div><METS:div LABEL="EAD" TYPE="metadata" DMDID="_20161020154941639"/></METS:div><METS:div LABEL="FA025733.jpg" TYPE="file" ADMID="_20161020154941648"><METS:div LABEL="Content" TYPE="content"><METS:fptr FILEID="_20161020154941645"/></METS:div><METS:div LABEL="EAD" TYPE="metadata" DMDID="_20161020154941674"/></METS:div><METS:div LABEL="fes.png" TYPE="file" ADMID="_20161020154941689"><METS:div LABEL="Content" TYPE="content"><METS:fptr FILEID="_20161020154941682"/></METS:div><METS:div LABEL="EAD" TYPE="metadata" DMDID="_20161020154941705"/></METS:div><METS:div LABEL="frauentag.png" TYPE="file" ADMID="_20161020154941733"><METS:div LABEL="Content" TYPE="content"><METS:fptr FILEID="_20161020154941722"/></METS:div><METS:div LABEL="EAD" TYPE="metadata" DMDID="_20161020154941737"/></METS:div><METS:div LABEL="KA000715.jpg" TYPE="file" ADMID="_20161020154941762"><METS:div LABEL="Content" TYPE="content"><METS:fptr FILEID="_20161020154941760"/></METS:div><METS:div LABEL="EAD" TYPE="metadata" DMDID="_20161020154941776"/></METS:div><METS:div LABEL="KA001502.jpg" TYPE="file" ADMID="_20161020154941797"><METS:div LABEL="Content" TYPE="content"><METS:fptr FILEID="_20161020154941795"/></METS:div><METS:div LABEL="EAD" TYPE="metadata" DMDID="_20161020154941812"/></METS:div><METS:div LABEL="KA011427.jpg" TYPE="file" ADMID="_20161020154941825"><METS:div LABEL="Content" TYPE="content"><METS:fptr FILEID="_20161020154941822"/></METS:div><METS:div LABEL="EAD" TYPE="metadata" DMDID="_20161020154941839"/></METS:div><METS:div LABEL="knowledge-1052011_1920.jpg" TYPE="file" ADMID="_20161020154941914"><METS:div LABEL="Content" TYPE="content"><METS:fptr FILEID="_20161020154941911"/></METS:div><METS:div LABEL="EAD" TYPE="metadata" DMDID="_20161020154941940"/></METS:div><METS:div LABEL="Ralf Graef.jpg" TYPE="file" ADMID="_20161020154941951"><METS:div LABEL="Content" TYPE="content"><METS:fptr FILEID="_20161020154941948"/></METS:div><METS:div LABEL="EAD" TYPE="metadata" DMDID="_20161020154941973"/></METS:div><METS:div LABEL="road-1072823_1920.jpg" TYPE="file" ADMID="_20161020154942074"><METS:div LABEL="Content" TYPE="content"><METS:fptr FILEID="_20161020154942072"/></METS:div><METS:div LABEL="EAD" TYPE="metadata" DMDID="_20161020154942096"/></METS:div><METS:div LABEL="tarnschrift.pdf" TYPE="file" ADMID="_20161020154942224"><METS:div LABEL="Content" TYPE="content"><METS:fptr FILEID="_20161020154942184"/></METS:div><METS:div LABEL="EAD" TYPE="metadata" DMDID="_20161020154942305"/></METS:div><METS:div LABEL="thetoydollsbittenbyabedbug.mp3" TYPE="file" ADMID="_20161020154942374"><METS:div LABEL="Content" TYPE="content"><METS:fptr FILEID="_20161020154942371"/></METS:div><METS:div LABEL="EAD" TYPE="metadata" DMDID="_20161020154942426"/></METS:div><METS:div LABEL="venice-1035684_1280.jpg" TYPE="file" ADMID="_20161020154942454"><METS:div LABEL="Content" TYPE="content"><METS:fptr FILEID="_20161020154942451"/></METS:div><METS:div LABEL="EAD" TYPE="metadata" DMDID="_20161020154942478"/></METS:div></METS:div></METS:structMap>
</METS:mets>