<?xml version="1.0" encoding="UTF-8"?>
<METS:mets xmlns:METS="http://www.loc.gov/METS/" xmlns:EAD="urn:isbn:1-931666-22-9" xmlns:PREMIS="info:lc/xmlns/premis-v2" xmlns:OAI_DC="http://www.openarchives.org/OAI/2.0/oai_dc/" xmlns:DC="http://purl.org/dc/elements/1.1/" xmlns:xlink="http://www.w3.org/1999/xlink" xmlns:xsi="http://www.w3.org/2001/XMLSchema-instance" xsi:schemaLocation="   http://www.loc.gov/METS/      http://www.loc.gov/standards/mets/mets.xsd   urn:isbn:1-931666-22-9       http://www.loc.gov/ead/ead.xsd   info:lc/xmlns/premis-v2       http://www.loc.gov/premis/premis.xsd   http://www.openarchives.org/OAI/2.0/oai_dc/  http://www.openarchives.org/OAI/2.0/oai_dc.xsd   http://www.w3.org/1999/xlink     http://www.loc.gov/standards/mets/xlink.xsd" PROFILE="http://www.docuteam.ch/xmlns/sip-profile.xml" TYPE="sa_all-formats-01_dss-01"><METS:metsHdr CREATEDATE="2016-10-18T17:28:49" LASTMODDATE="2016-10-18T17:30:17" RECORDSTATUS="New" ADMID="_20161018172849743"><METS:agent ROLE="CREATOR" TYPE="INDIVIDUAL"><METS:name>graefr</METS:name></METS:agent></METS:metsHdr>
	<METS:dmdSec ID="_20161018172849899"><METS:mdWrap MDTYPE="EAD"><METS:xmlData><EAD:ead><EAD:eadheader><EAD:eadid/><EAD:filedesc><EAD:titlestmt><EAD:titleproper/></EAD:titlestmt></EAD:filedesc></EAD:eadheader><EAD:archdesc level="otherlevel"><EAD:did><EAD:unittitle/></EAD:did><EAD:dsc><EAD:c level="otherlevel" otherlevel="Undefiniert"><EAD:did><EAD:unittitle label="main">Pakete</EAD:unittitle></EAD:did></EAD:c></EAD:dsc></EAD:archdesc></EAD:ead></METS:xmlData></METS:mdWrap></METS:dmdSec><METS:dmdSec ID="_20161018172928012"><METS:mdWrap MDTYPE="EAD"><METS:xmlData><EAD:ead><EAD:eadheader><EAD:eadid/><EAD:filedesc><EAD:titlestmt><EAD:titleproper/></EAD:titlestmt></EAD:filedesc></EAD:eadheader><EAD:archdesc level="otherlevel"><EAD:did><EAD:unittitle/></EAD:did><EAD:dsc><EAD:c level="otherlevel" otherlevel="Undefiniert"><EAD:did><EAD:unittitle label="main">Beispielbilder</EAD:unittitle></EAD:did></EAD:c></EAD:dsc></EAD:archdesc></EAD:ead></METS:xmlData></METS:mdWrap></METS:dmdSec><METS:dmdSec ID="_20161018172932373"><METS:mdWrap MDTYPE="EAD"><METS:xmlData><EAD:ead><EAD:eadheader><EAD:eadid/><EAD:filedesc><EAD:titlestmt><EAD:titleproper/></EAD:titlestmt></EAD:filedesc></EAD:eadheader><EAD:archdesc level="otherlevel"><EAD:did><EAD:unittitle/></EAD:did><EAD:dsc><EAD:c level="otherlevel" otherlevel="Undefiniert"><EAD:did><EAD:unittitle label="main">ebert2</EAD:unittitle></EAD:did></EAD:c></EAD:dsc></EAD:archdesc></EAD:ead></METS:xmlData></METS:mdWrap></METS:dmdSec><METS:dmdSec ID="_20161018172932451"><METS:mdWrap MDTYPE="EAD"><METS:xmlData><EAD:ead><EAD:eadheader><EAD:eadid/><EAD:filedesc><EAD:titlestmt><EAD:titleproper/></EAD:titlestmt></EAD:filedesc></EAD:eadheader><EAD:archdesc level="otherlevel"><EAD:did><EAD:unittitle/></EAD:did><EAD:dsc><EAD:c level="otherlevel" otherlevel="Undefiniert"><EAD:did><EAD:unittitle label="main">FA025733</EAD:unittitle></EAD:did></EAD:c></EAD:dsc></EAD:archdesc></EAD:ead></METS:xmlData></METS:mdWrap></METS:dmdSec><METS:dmdSec ID="_20161018172932503"><METS:mdWrap MDTYPE="EAD"><METS:xmlData><EAD:ead><EAD:eadheader><EAD:eadid/><EAD:filedesc><EAD:titlestmt><EAD:titleproper/></EAD:titlestmt></EAD:filedesc></EAD:eadheader><EAD:archdesc level="otherlevel"><EAD:did><EAD:unittitle/></EAD:did><EAD:dsc><EAD:c level="otherlevel" otherlevel="Undefiniert"><EAD:did><EAD:unittitle label="main">fes</EAD:unittitle></EAD:did></EAD:c></EAD:dsc></EAD:archdesc></EAD:ead></METS:xmlData></METS:mdWrap></METS:dmdSec><METS:dmdSec ID="_20161018172932553"><METS:mdWrap MDTYPE="EAD"><METS:xmlData><EAD:ead><EAD:eadheader><EAD:eadid/><EAD:filedesc><EAD:titlestmt><EAD:titleproper/></EAD:titlestmt></EAD:filedesc></EAD:eadheader><EAD:archdesc level="otherlevel"><EAD:did><EAD:unittitle/></EAD:did><EAD:dsc><EAD:c level="otherlevel" otherlevel="Undefiniert"><EAD:did><EAD:unittitle label="main">frauentag</EAD:unittitle></EAD:did></EAD:c></EAD:dsc></EAD:archdesc></EAD:ead></METS:xmlData></METS:mdWrap></METS:dmdSec><METS:dmdSec ID="_20161018172932579"><METS:mdWrap MDTYPE="EAD"><METS:xmlData><EAD:ead><EAD:eadheader><EAD:eadid/><EAD:filedesc><EAD:titlestmt><EAD:titleproper/></EAD:titlestmt></EAD:filedesc></EAD:eadheader><EAD:archdesc level="otherlevel"><EAD:did><EAD:unittitle/></EAD:did><EAD:dsc><EAD:c level="otherlevel" otherlevel="Undefiniert"><EAD:did><EAD:unittitle label="main">KA000715</EAD:unittitle></EAD:did></EAD:c></EAD:dsc></EAD:archdesc></EAD:ead></METS:xmlData></METS:mdWrap></METS:dmdSec><METS:dmdSec ID="_20161018172932614"><METS:mdWrap MDTYPE="EAD"><METS:xmlData><EAD:ead><EAD:eadheader><EAD:eadid/><EAD:filedesc><EAD:titlestmt><EAD:titleproper/></EAD:titlestmt></EAD:filedesc></EAD:eadheader><EAD:archdesc level="otherlevel"><EAD:did><EAD:unittitle/></EAD:did><EAD:dsc><EAD:c level="otherlevel" otherlevel="Undefiniert"><EAD:did><EAD:unittitle label="main">KA001502</EAD:unittitle></EAD:did></EAD:c></EAD:dsc></EAD:archdesc></EAD:ead></METS:xmlData></METS:mdWrap></METS:dmdSec><METS:dmdSec ID="_20161018172932628"><METS:mdWrap MDTYPE="EAD"><METS:xmlData><EAD:ead><EAD:eadheader><EAD:eadid/><EAD:filedesc><EAD:titlestmt><EAD:titleproper/></EAD:titlestmt></EAD:filedesc></EAD:eadheader><EAD:archdesc level="otherlevel"><EAD:did><EAD:unittitle/></EAD:did><EAD:dsc><EAD:c level="otherlevel" otherlevel="Undefiniert"><EAD:did><EAD:unittitle label="main">KA011427</EAD:unittitle></EAD:did></EAD:c></EAD:dsc></EAD:archdesc></EAD:ead></METS:xmlData></METS:mdWrap></METS:dmdSec><METS:dmdSec ID="_20161018172932648"><METS:mdWrap MDTYPE="EAD"><METS:xmlData><EAD:ead><EAD:eadheader><EAD:eadid/><EAD:filedesc><EAD:titlestmt><EAD:titleproper/></EAD:titlestmt></EAD:filedesc></EAD:eadheader><EAD:archdesc level="otherlevel"><EAD:did><EAD:unittitle/></EAD:did><EAD:dsc><EAD:c level="otherlevel" otherlevel="Undefiniert"><EAD:did><EAD:unittitle label="main">knowledge-1052011_1920</EAD:unittitle></EAD:did></EAD:c></EAD:dsc></EAD:archdesc></EAD:ead></METS:xmlData></METS:mdWrap></METS:dmdSec><METS:dmdSec ID="_20161018172932668"><METS:mdWrap MDTYPE="EAD"><METS:xmlData><EAD:ead><EAD:eadheader><EAD:eadid/><EAD:filedesc><EAD:titlestmt><EAD:titleproper/></EAD:titlestmt></EAD:filedesc></EAD:eadheader><EAD:archdesc level="otherlevel"><EAD:did><EAD:unittitle/></EAD:did><EAD:dsc><EAD:c level="otherlevel" otherlevel="Undefiniert"><EAD:did><EAD:unittitle label="main">Pdf_icon</EAD:unittitle></EAD:did></EAD:c></EAD:dsc></EAD:archdesc></EAD:ead></METS:xmlData></METS:mdWrap></METS:dmdSec><METS:dmdSec ID="_20161018172932705"><METS:mdWrap MDTYPE="EAD"><METS:xmlData><EAD:ead><EAD:eadheader><EAD:eadid/><EAD:filedesc><EAD:titlestmt><EAD:titleproper/></EAD:titlestmt></EAD:filedesc></EAD:eadheader><EAD:archdesc level="otherlevel"><EAD:did><EAD:unittitle/></EAD:did><EAD:dsc><EAD:c level="otherlevel" otherlevel="Undefiniert"><EAD:did><EAD:unittitle label="main">road-1072823_1920</EAD:unittitle></EAD:did></EAD:c></EAD:dsc></EAD:archdesc></EAD:ead></METS:xmlData></METS:mdWrap></METS:dmdSec><METS:dmdSec ID="_20161018172932852"><METS:mdWrap MDTYPE="EAD"><METS:xmlData><EAD:ead><EAD:eadheader><EAD:eadid/><EAD:filedesc><EAD:titlestmt><EAD:titleproper/></EAD:titlestmt></EAD:filedesc></EAD:eadheader><EAD:archdesc level="otherlevel"><EAD:did><EAD:unittitle/></EAD:did><EAD:dsc><EAD:c level="otherlevel" otherlevel="Undefiniert"><EAD:did><EAD:unittitle label="main">tarnschrift</EAD:unittitle></EAD:did></EAD:c></EAD:dsc></EAD:archdesc></EAD:ead></METS:xmlData></METS:mdWrap></METS:dmdSec><METS:dmdSec ID="_20161018172933039"><METS:mdWrap MDTYPE="EAD"><METS:xmlData><EAD:ead><EAD:eadheader><EAD:eadid/><EAD:filedesc><EAD:titlestmt><EAD:titleproper/></EAD:titlestmt></EAD:filedesc></EAD:eadheader><EAD:archdesc level="otherlevel"><EAD:did><EAD:unittitle/></EAD:did><EAD:dsc><EAD:c level="otherlevel" otherlevel="Undefiniert"><EAD:did><EAD:unittitle label="main">venice-1035684_1280</EAD:unittitle></EAD:did></EAD:c></EAD:dsc></EAD:archdesc></EAD:ead></METS:xmlData></METS:mdWrap></METS:dmdSec><METS:amdSec><METS:digiprovMD ID="_20161018172849743"><METS:mdWrap MDTYPE="PREMIS"><METS:xmlData><PREMIS:premis version="2.2"><PREMIS:object xsi:type="PREMIS:representation"><PREMIS:objectIdentifier><PREMIS:objectIdentifierType>Docuteam</PREMIS:objectIdentifierType><PREMIS:objectIdentifierValue>_20161018172849759</PREMIS:objectIdentifierValue></PREMIS:objectIdentifier><PREMIS:environment><PREMIS:software><PREMIS:swName>docuteam darc</PREMIS:swName><PREMIS:swType>2.16.5</PREMIS:swType></PREMIS:software></PREMIS:environment></PREMIS:object></PREMIS:premis></METS:xmlData></METS:mdWrap></METS:digiprovMD><METS:digiprovMD ID="_20161018172849852"><METS:mdWrap MDTYPE="PREMIS"><METS:xmlData><PREMIS:premis version="2.2"><PREMIS:object xsi:type="PREMIS:representation"><PREMIS:objectIdentifier><PREMIS:objectIdentifierType>Docuteam</PREMIS:objectIdentifierType><PREMIS:objectIdentifierValue>_20161018172849868</PREMIS:objectIdentifierValue></PREMIS:objectIdentifier><PREMIS:originalName xlink:type="simple">Pakete</PREMIS:originalName></PREMIS:object><PREMIS:event><PREMIS:eventIdentifier><PREMIS:eventIdentifierType>Docuteam</PREMIS:eventIdentifierType><PREMIS:eventIdentifierValue>_20161018172849884</PREMIS:eventIdentifierValue></PREMIS:eventIdentifier><PREMIS:eventType>Creation</PREMIS:eventType><PREMIS:eventDateTime>2016-10-18T17:28:49</PREMIS:eventDateTime><PREMIS:eventDetail>Performed by: 'graefr'</PREMIS:eventDetail><PREMIS:eventOutcomeInformation><PREMIS:eventOutcome>Success</PREMIS:eventOutcome></PREMIS:eventOutcomeInformation><PREMIS:linkingObjectIdentifier xlink:type="simple"><PREMIS:linkingObjectIdentifierType>Docuteam</PREMIS:linkingObjectIdentifierType><PREMIS:linkingObjectIdentifierValue>_20161018172849868</PREMIS:linkingObjectIdentifierValue></PREMIS:linkingObjectIdentifier></PREMIS:event><PREMIS:event><PREMIS:eventIdentifier><PREMIS:eventIdentifierType>Docuteam</PREMIS:eventIdentifierType><PREMIS:eventIdentifierValue>_20161018173007080</PREMIS:eventIdentifierValue></PREMIS:eventIdentifier><PREMIS:eventType>Deletion</PREMIS:eventType><PREMIS:eventDateTime>2016-10-18T17:30:07</PREMIS:eventDateTime><PREMIS:eventDetail>Deleted 'Pakete/Beispielbilder/thetoydollsbittenbyabedbug.mp3'. Performed by: 'graefr'</PREMIS:eventDetail><PREMIS:eventOutcomeInformation><PREMIS:eventOutcome>Success</PREMIS:eventOutcome></PREMIS:eventOutcomeInformation><PREMIS:linkingObjectIdentifier xlink:type="simple"><PREMIS:linkingObjectIdentifierType>Docuteam</PREMIS:linkingObjectIdentifierType><PREMIS:linkingObjectIdentifierValue>_20161018172849868</PREMIS:linkingObjectIdentifierValue></PREMIS:linkingObjectIdentifier></PREMIS:event></PREMIS:premis></METS:xmlData></METS:mdWrap></METS:digiprovMD><METS:digiprovMD ID="_20161018172927965"><METS:mdWrap MDTYPE="PREMIS"><METS:xmlData><PREMIS:premis version="2.2"><PREMIS:object xsi:type="PREMIS:representation"><PREMIS:objectIdentifier><PREMIS:objectIdentifierType>Docuteam</PREMIS:objectIdentifierType><PREMIS:objectIdentifierValue>_20161018172927980</PREMIS:objectIdentifierValue></PREMIS:objectIdentifier><PREMIS:originalName xlink:type="simple">Beispielbilder</PREMIS:originalName></PREMIS:object><PREMIS:event><PREMIS:eventIdentifier><PREMIS:eventIdentifierType>Docuteam</PREMIS:eventIdentifierType><PREMIS:eventIdentifierValue>_20161018172927996</PREMIS:eventIdentifierValue></PREMIS:eventIdentifier><PREMIS:eventType>Creation</PREMIS:eventType><PREMIS:eventDateTime>2016-10-18T17:29:27</PREMIS:eventDateTime><PREMIS:eventDetail>Performed by: 'graefr'</PREMIS:eventDetail><PREMIS:eventOutcomeInformation><PREMIS:eventOutcome>Success</PREMIS:eventOutcome></PREMIS:eventOutcomeInformation><PREMIS:linkingObjectIdentifier xlink:type="simple"><PREMIS:linkingObjectIdentifierType>Docuteam</PREMIS:linkingObjectIdentifierType><PREMIS:linkingObjectIdentifierValue>_20161018172927980</PREMIS:linkingObjectIdentifierValue></PREMIS:linkingObjectIdentifier></PREMIS:event></PREMIS:premis></METS:xmlData></METS:mdWrap></METS:digiprovMD><METS:digiprovMD ID="_20161018172932295"><METS:mdWrap MDTYPE="PREMIS"><METS:xmlData><PREMIS:premis version="2.2"><PREMIS:object xsi:type="PREMIS:file"><PREMIS:objectIdentifier><PREMIS:objectIdentifierType>Docuteam</PREMIS:objectIdentifierType><PREMIS:objectIdentifierValue>_20161018172932311</PREMIS:objectIdentifierValue></PREMIS:objectIdentifier><PREMIS:objectCharacteristics><PREMIS:compositionLevel>0</PREMIS:compositionLevel><PREMIS:fixity><PREMIS:messageDigestAlgorithm>SHA-512</PREMIS:messageDigestAlgorithm><PREMIS:messageDigest>cba7807e411aa6eb5b86cd543adcf4232bd708108a41cd655af5c02fac6137ad166f77370499053e295c4183f057b915896acf1aa12e58b44b1017d89119caed</PREMIS:messageDigest></PREMIS:fixity><PREMIS:size>497420</PREMIS:size><PREMIS:format><PREMIS:formatDesignation><PREMIS:formatName>Waveform Audio (PCMWAVEFORMAT)</PREMIS:formatName></PREMIS:formatDesignation><PREMIS:formatRegistry><PREMIS:formatRegistryName>PRONOM</PREMIS:formatRegistryName><PREMIS:formatRegistryKey>fmt/141</PREMIS:formatRegistryKey></PREMIS:formatRegistry></PREMIS:format></PREMIS:objectCharacteristics><PREMIS:originalName xlink:type="simple">ebert2.wav</PREMIS:originalName></PREMIS:object><PREMIS:event><PREMIS:eventIdentifier><PREMIS:eventIdentifierType>Docuteam</PREMIS:eventIdentifierType><PREMIS:eventIdentifierValue>_20161018172932357</PREMIS:eventIdentifierValue></PREMIS:eventIdentifier><PREMIS:eventType>Creation</PREMIS:eventType><PREMIS:eventDateTime>2016-10-18T17:29:32</PREMIS:eventDateTime><PREMIS:eventDetail>Performed by: 'graefr'</PREMIS:eventDetail><PREMIS:eventOutcomeInformation><PREMIS:eventOutcome>Success</PREMIS:eventOutcome></PREMIS:eventOutcomeInformation><PREMIS:linkingObjectIdentifier xlink:type="simple"><PREMIS:linkingObjectIdentifierType>Docuteam</PREMIS:linkingObjectIdentifierType><PREMIS:linkingObjectIdentifierValue>_20161018172932311</PREMIS:linkingObjectIdentifierValue></PREMIS:linkingObjectIdentifier></PREMIS:event></PREMIS:premis></METS:xmlData></METS:mdWrap></METS:digiprovMD><METS:digiprovMD ID="_20161018172932404"><METS:mdWrap MDTYPE="PREMIS"><METS:xmlData><PREMIS:premis version="2.2"><PREMIS:object xsi:type="PREMIS:file"><PREMIS:objectIdentifier><PREMIS:objectIdentifierType>Docuteam</PREMIS:objectIdentifierType><PREMIS:objectIdentifierValue>_20161018172932420</PREMIS:objectIdentifierValue></PREMIS:objectIdentifier><PREMIS:objectCharacteristics><PREMIS:compositionLevel>0</PREMIS:compositionLevel><PREMIS:fixity><PREMIS:messageDigestAlgorithm>SHA-512</PREMIS:messageDigestAlgorithm><PREMIS:messageDigest>8db8803bfe14f76723bde281fc6ccc24cde3a3959f3a8775d10d5bfc352067e24902eafa22fac46d1b2d1090b48444be123c07e726d46acafe153836b380e8c6</PREMIS:messageDigest></PREMIS:fixity><PREMIS:size>287169</PREMIS:size><PREMIS:format><PREMIS:formatDesignation><PREMIS:formatName>JPEG File Interchange Format</PREMIS:formatName></PREMIS:formatDesignation><PREMIS:formatRegistry><PREMIS:formatRegistryName>PRONOM</PREMIS:formatRegistryName><PREMIS:formatRegistryKey>fmt/44</PREMIS:formatRegistryKey></PREMIS:formatRegistry></PREMIS:format></PREMIS:objectCharacteristics><PREMIS:originalName xlink:type="simple">FA025733.jpg</PREMIS:originalName></PREMIS:object><PREMIS:event><PREMIS:eventIdentifier><PREMIS:eventIdentifierType>Docuteam</PREMIS:eventIdentifierType><PREMIS:eventIdentifierValue>_20161018172932436</PREMIS:eventIdentifierValue></PREMIS:eventIdentifier><PREMIS:eventType>Creation</PREMIS:eventType><PREMIS:eventDateTime>2016-10-18T17:29:32</PREMIS:eventDateTime><PREMIS:eventDetail>Performed by: 'graefr'</PREMIS:eventDetail><PREMIS:eventOutcomeInformation><PREMIS:eventOutcome>Success</PREMIS:eventOutcome></PREMIS:eventOutcomeInformation><PREMIS:linkingObjectIdentifier xlink:type="simple"><PREMIS:linkingObjectIdentifierType>Docuteam</PREMIS:linkingObjectIdentifierType><PREMIS:linkingObjectIdentifierValue>_20161018172932420</PREMIS:linkingObjectIdentifierValue></PREMIS:linkingObjectIdentifier></PREMIS:event></PREMIS:premis></METS:xmlData></METS:mdWrap></METS:digiprovMD><METS:digiprovMD ID="_20161018172932493"><METS:mdWrap MDTYPE="PREMIS"><METS:xmlData><PREMIS:premis version="2.2"><PREMIS:object xsi:type="PREMIS:file"><PREMIS:objectIdentifier><PREMIS:objectIdentifierType>Docuteam</PREMIS:objectIdentifierType><PREMIS:objectIdentifierValue>_20161018172932494</PREMIS:objectIdentifierValue></PREMIS:objectIdentifier><PREMIS:objectCharacteristics><PREMIS:compositionLevel>0</PREMIS:compositionLevel><PREMIS:fixity><PREMIS:messageDigestAlgorithm>SHA-512</PREMIS:messageDigestAlgorithm><PREMIS:messageDigest>bc799a4bb57632f5497c3c6e99e6efaeb366348f574e5c2ffdb208dc4a786bdbb20230768c0060551156aa9f3279dea9355c3ad75033e615d1fffdd08e3c1875</PREMIS:messageDigest></PREMIS:fixity><PREMIS:size>10328</PREMIS:size><PREMIS:format><PREMIS:formatDesignation><PREMIS:formatName>Portable Network Graphics</PREMIS:formatName></PREMIS:formatDesignation><PREMIS:formatRegistry><PREMIS:formatRegistryName>PRONOM</PREMIS:formatRegistryName><PREMIS:formatRegistryKey>fmt/12</PREMIS:formatRegistryKey></PREMIS:formatRegistry></PREMIS:format></PREMIS:objectCharacteristics><PREMIS:originalName xlink:type="simple">fes.png</PREMIS:originalName></PREMIS:object><PREMIS:event><PREMIS:eventIdentifier><PREMIS:eventIdentifierType>Docuteam</PREMIS:eventIdentifierType><PREMIS:eventIdentifierValue>_20161018172932502</PREMIS:eventIdentifierValue></PREMIS:eventIdentifier><PREMIS:eventType>Creation</PREMIS:eventType><PREMIS:eventDateTime>2016-10-18T17:29:32</PREMIS:eventDateTime><PREMIS:eventDetail>Performed by: 'graefr'</PREMIS:eventDetail><PREMIS:eventOutcomeInformation><PREMIS:eventOutcome>Success</PREMIS:eventOutcome></PREMIS:eventOutcomeInformation><PREMIS:linkingObjectIdentifier xlink:type="simple"><PREMIS:linkingObjectIdentifierType>Docuteam</PREMIS:linkingObjectIdentifierType><PREMIS:linkingObjectIdentifierValue>_20161018172932494</PREMIS:linkingObjectIdentifierValue></PREMIS:linkingObjectIdentifier></PREMIS:event></PREMIS:premis></METS:xmlData></METS:mdWrap></METS:digiprovMD><METS:digiprovMD ID="_20161018172932519"><METS:mdWrap MDTYPE="PREMIS"><METS:xmlData><PREMIS:premis version="2.2"><PREMIS:object xsi:type="PREMIS:file"><PREMIS:objectIdentifier><PREMIS:objectIdentifierType>Docuteam</PREMIS:objectIdentifierType><PREMIS:objectIdentifierValue>_20161018172932529</PREMIS:objectIdentifierValue></PREMIS:objectIdentifier><PREMIS:objectCharacteristics><PREMIS:compositionLevel>0</PREMIS:compositionLevel><PREMIS:fixity><PREMIS:messageDigestAlgorithm>SHA-512</PREMIS:messageDigestAlgorithm><PREMIS:messageDigest>c1ec3613b55416136d81d0616218e8a8c63465475a8213eb753df54e53d4d7c1789e96dc9d3712737bbb13ae7a13bec8d0323518bf421509f3c691538fe27521</PREMIS:messageDigest></PREMIS:fixity><PREMIS:size>49250</PREMIS:size><PREMIS:format><PREMIS:formatDesignation><PREMIS:formatName>Portable Network Graphics</PREMIS:formatName></PREMIS:formatDesignation><PREMIS:formatRegistry><PREMIS:formatRegistryName>PRONOM</PREMIS:formatRegistryName><PREMIS:formatRegistryKey>fmt/12</PREMIS:formatRegistryKey></PREMIS:formatRegistry></PREMIS:format></PREMIS:objectCharacteristics><PREMIS:originalName xlink:type="simple">frauentag.png</PREMIS:originalName></PREMIS:object><PREMIS:event><PREMIS:eventIdentifier><PREMIS:eventIdentifierType>Docuteam</PREMIS:eventIdentifierType><PREMIS:eventIdentifierValue>_20161018172932543</PREMIS:eventIdentifierValue></PREMIS:eventIdentifier><PREMIS:eventType>Creation</PREMIS:eventType><PREMIS:eventDateTime>2016-10-18T17:29:32</PREMIS:eventDateTime><PREMIS:eventDetail>Performed by: 'graefr'</PREMIS:eventDetail><PREMIS:eventOutcomeInformation><PREMIS:eventOutcome>Success</PREMIS:eventOutcome></PREMIS:eventOutcomeInformation><PREMIS:linkingObjectIdentifier xlink:type="simple"><PREMIS:linkingObjectIdentifierType>Docuteam</PREMIS:linkingObjectIdentifierType><PREMIS:linkingObjectIdentifierValue>_20161018172932529</PREMIS:linkingObjectIdentifierValue></PREMIS:linkingObjectIdentifier></PREMIS:event></PREMIS:premis></METS:xmlData></METS:mdWrap></METS:digiprovMD><METS:digiprovMD ID="_20161018172932563"><METS:mdWrap MDTYPE="PREMIS"><METS:xmlData><PREMIS:premis version="2.2"><PREMIS:object xsi:type="PREMIS:file"><PREMIS:objectIdentifier><PREMIS:objectIdentifierType>Docuteam</PREMIS:objectIdentifierType><PREMIS:objectIdentifierValue>_20161018172932564</PREMIS:objectIdentifierValue></PREMIS:objectIdentifier><PREMIS:objectCharacteristics><PREMIS:compositionLevel>0</PREMIS:compositionLevel><PREMIS:fixity><PREMIS:messageDigestAlgorithm>SHA-512</PREMIS:messageDigestAlgorithm><PREMIS:messageDigest>dc8f2ae2baeb80021b7f536436515b4ad572e3d7ba132a72242c0573d120ef611f71b001dfe961963246fa93d19998cde50260ba09fc93bb37136b7f21b8ed84</PREMIS:messageDigest></PREMIS:fixity><PREMIS:size>136488</PREMIS:size><PREMIS:format><PREMIS:formatDesignation><PREMIS:formatName>JPEG File Interchange Format</PREMIS:formatName></PREMIS:formatDesignation><PREMIS:formatRegistry><PREMIS:formatRegistryName>PRONOM</PREMIS:formatRegistryName><PREMIS:formatRegistryKey>fmt/43</PREMIS:formatRegistryKey></PREMIS:formatRegistry></PREMIS:format></PREMIS:objectCharacteristics><PREMIS:originalName xlink:type="simple">KA000715.jpg</PREMIS:originalName></PREMIS:object><PREMIS:event><PREMIS:eventIdentifier><PREMIS:eventIdentifierType>Docuteam</PREMIS:eventIdentifierType><PREMIS:eventIdentifierValue>_20161018172932569</PREMIS:eventIdentifierValue></PREMIS:eventIdentifier><PREMIS:eventType>Creation</PREMIS:eventType><PREMIS:eventDateTime>2016-10-18T17:29:32</PREMIS:eventDateTime><PREMIS:eventDetail>Performed by: 'graefr'</PREMIS:eventDetail><PREMIS:eventOutcomeInformation><PREMIS:eventOutcome>Success</PREMIS:eventOutcome></PREMIS:eventOutcomeInformation><PREMIS:linkingObjectIdentifier xlink:type="simple"><PREMIS:linkingObjectIdentifierType>Docuteam</PREMIS:linkingObjectIdentifierType><PREMIS:linkingObjectIdentifierValue>_20161018172932564</PREMIS:linkingObjectIdentifierValue></PREMIS:linkingObjectIdentifier></PREMIS:event></PREMIS:premis></METS:xmlData></METS:mdWrap></METS:digiprovMD><METS:digiprovMD ID="_20161018172932588"><METS:mdWrap MDTYPE="PREMIS"><METS:xmlData><PREMIS:premis version="2.2"><PREMIS:object xsi:type="PREMIS:file"><PREMIS:objectIdentifier><PREMIS:objectIdentifierType>Docuteam</PREMIS:objectIdentifierType><PREMIS:objectIdentifierValue>_20161018172932599</PREMIS:objectIdentifierValue></PREMIS:objectIdentifier><PREMIS:objectCharacteristics><PREMIS:compositionLevel>0</PREMIS:compositionLevel><PREMIS:fixity><PREMIS:messageDigestAlgorithm>SHA-512</PREMIS:messageDigestAlgorithm><PREMIS:messageDigest>b46e33a7f789bb43c4b0d5e4cd6a90c307a7fd2fa3ae0e24995ef7080e419bede71ded4d59cbe70d8e030afc931229ebe2b4d0bbc28f949147dfa563161e51b0</PREMIS:messageDigest></PREMIS:fixity><PREMIS:size>76286</PREMIS:size><PREMIS:format><PREMIS:formatDesignation><PREMIS:formatName>JPEG File Interchange Format</PREMIS:formatName></PREMIS:formatDesignation><PREMIS:formatRegistry><PREMIS:formatRegistryName>PRONOM</PREMIS:formatRegistryName><PREMIS:formatRegistryKey>fmt/43</PREMIS:formatRegistryKey></PREMIS:formatRegistry></PREMIS:format></PREMIS:objectCharacteristics><PREMIS:originalName xlink:type="simple">KA001502.jpg</PREMIS:originalName></PREMIS:object><PREMIS:event><PREMIS:eventIdentifier><PREMIS:eventIdentifierType>Docuteam</PREMIS:eventIdentifierType><PREMIS:eventIdentifierValue>_20161018172932604</PREMIS:eventIdentifierValue></PREMIS:eventIdentifier><PREMIS:eventType>Creation</PREMIS:eventType><PREMIS:eventDateTime>2016-10-18T17:29:32</PREMIS:eventDateTime><PREMIS:eventDetail>Performed by: 'graefr'</PREMIS:eventDetail><PREMIS:eventOutcomeInformation><PREMIS:eventOutcome>Success</PREMIS:eventOutcome></PREMIS:eventOutcomeInformation><PREMIS:linkingObjectIdentifier xlink:type="simple"><PREMIS:linkingObjectIdentifierType>Docuteam</PREMIS:linkingObjectIdentifierType><PREMIS:linkingObjectIdentifierValue>_20161018172932599</PREMIS:linkingObjectIdentifierValue></PREMIS:linkingObjectIdentifier></PREMIS:event></PREMIS:premis></METS:xmlData></METS:mdWrap></METS:digiprovMD><METS:digiprovMD ID="_20161018172932623"><METS:mdWrap MDTYPE="PREMIS"><METS:xmlData><PREMIS:premis version="2.2"><PREMIS:object xsi:type="PREMIS:file"><PREMIS:objectIdentifier><PREMIS:objectIdentifierType>Docuteam</PREMIS:objectIdentifierType><PREMIS:objectIdentifierValue>_20161018172932624</PREMIS:objectIdentifierValue></PREMIS:objectIdentifier><PREMIS:objectCharacteristics><PREMIS:compositionLevel>0</PREMIS:compositionLevel><PREMIS:fixity><PREMIS:messageDigestAlgorithm>SHA-512</PREMIS:messageDigestAlgorithm><PREMIS:messageDigest>2171135fdd6deb170bb04bb487941eca01d0e518984e8818f40c5f356a90a21b89d366135dd90ca9678dd7466649a046eb1a9c350798e843d1f898a293c66bc8</PREMIS:messageDigest></PREMIS:fixity><PREMIS:size>122762</PREMIS:size><PREMIS:format><PREMIS:formatDesignation><PREMIS:formatName>JPEG File Interchange Format</PREMIS:formatName></PREMIS:formatDesignation><PREMIS:formatRegistry><PREMIS:formatRegistryName>PRONOM</PREMIS:formatRegistryName><PREMIS:formatRegistryKey>fmt/43</PREMIS:formatRegistryKey></PREMIS:formatRegistry></PREMIS:format></PREMIS:objectCharacteristics><PREMIS:originalName xlink:type="simple">KA011427.jpg</PREMIS:originalName></PREMIS:object><PREMIS:event><PREMIS:eventIdentifier><PREMIS:eventIdentifierType>Docuteam</PREMIS:eventIdentifierType><PREMIS:eventIdentifierValue>_20161018172932627</PREMIS:eventIdentifierValue></PREMIS:eventIdentifier><PREMIS:eventType>Creation</PREMIS:eventType><PREMIS:eventDateTime>2016-10-18T17:29:32</PREMIS:eventDateTime><PREMIS:eventDetail>Performed by: 'graefr'</PREMIS:eventDetail><PREMIS:eventOutcomeInformation><PREMIS:eventOutcome>Success</PREMIS:eventOutcome></PREMIS:eventOutcomeInformation><PREMIS:linkingObjectIdentifier xlink:type="simple"><PREMIS:linkingObjectIdentifierType>Docuteam</PREMIS:linkingObjectIdentifierType><PREMIS:linkingObjectIdentifierValue>_20161018172932624</PREMIS:linkingObjectIdentifierValue></PREMIS:linkingObjectIdentifier></PREMIS:event></PREMIS:premis></METS:xmlData></METS:mdWrap></METS:digiprovMD><METS:digiprovMD ID="_20161018172932639"><METS:mdWrap MDTYPE="PREMIS"><METS:xmlData><PREMIS:premis version="2.2"><PREMIS:object xsi:type="PREMIS:file"><PREMIS:objectIdentifier><PREMIS:objectIdentifierType>Docuteam</PREMIS:objectIdentifierType><PREMIS:objectIdentifierValue>_20161018172932640</PREMIS:objectIdentifierValue></PREMIS:objectIdentifier><PREMIS:objectCharacteristics><PREMIS:compositionLevel>0</PREMIS:compositionLevel><PREMIS:fixity><PREMIS:messageDigestAlgorithm>SHA-512</PREMIS:messageDigestAlgorithm><PREMIS:messageDigest>127d62bf606f763a0509e2d2cd4db675ecca72415829e8b618062f10cbe2e9e187274624b00ab5a7c0897639f5df3bd29f79ceb633f00e2ede57df1470dbfd97</PREMIS:messageDigest></PREMIS:fixity><PREMIS:size>494079</PREMIS:size><PREMIS:format><PREMIS:formatDesignation><PREMIS:formatName>JPEG File Interchange Format</PREMIS:formatName></PREMIS:formatDesignation><PREMIS:formatRegistry><PREMIS:formatRegistryName>PRONOM</PREMIS:formatRegistryName><PREMIS:formatRegistryKey>fmt/43</PREMIS:formatRegistryKey></PREMIS:formatRegistry></PREMIS:format></PREMIS:objectCharacteristics><PREMIS:originalName xlink:type="simple">knowledge-1052011_1920.jpg</PREMIS:originalName></PREMIS:object><PREMIS:event><PREMIS:eventIdentifier><PREMIS:eventIdentifierType>Docuteam</PREMIS:eventIdentifierType><PREMIS:eventIdentifierValue>_20161018172932647</PREMIS:eventIdentifierValue></PREMIS:eventIdentifier><PREMIS:eventType>Creation</PREMIS:eventType><PREMIS:eventDateTime>2016-10-18T17:29:32</PREMIS:eventDateTime><PREMIS:eventDetail>Performed by: 'graefr'</PREMIS:eventDetail><PREMIS:eventOutcomeInformation><PREMIS:eventOutcome>Success</PREMIS:eventOutcome></PREMIS:eventOutcomeInformation><PREMIS:linkingObjectIdentifier xlink:type="simple"><PREMIS:linkingObjectIdentifierType>Docuteam</PREMIS:linkingObjectIdentifierType><PREMIS:linkingObjectIdentifierValue>_20161018172932640</PREMIS:linkingObjectIdentifierValue></PREMIS:linkingObjectIdentifier></PREMIS:event></PREMIS:premis></METS:xmlData></METS:mdWrap></METS:digiprovMD><METS:digiprovMD ID="_20161018172932654"><METS:mdWrap MDTYPE="PREMIS"><METS:xmlData><PREMIS:premis version="2.2"><PREMIS:object xsi:type="PREMIS:file"><PREMIS:objectIdentifier><PREMIS:objectIdentifierType>Docuteam</PREMIS:objectIdentifierType><PREMIS:objectIdentifierValue>_20161018172932655</PREMIS:objectIdentifierValue></PREMIS:objectIdentifier><PREMIS:objectCharacteristics><PREMIS:compositionLevel>0</PREMIS:compositionLevel><PREMIS:fixity><PREMIS:messageDigestAlgorithm>SHA-512</PREMIS:messageDigestAlgorithm><PREMIS:messageDigest>7e9d293301a17f41386302033df1855ac4e1b42768160d7ec2e2c8271f523293e2bac4bd00031fb49c5aebf5ee0b80622930ef3eb2305fe508601dc742a06101</PREMIS:messageDigest></PREMIS:fixity><PREMIS:size>3680</PREMIS:size><PREMIS:format><PREMIS:formatDesignation><PREMIS:formatName>Portable Network Graphics</PREMIS:formatName></PREMIS:formatDesignation><PREMIS:formatRegistry><PREMIS:formatRegistryName>PRONOM</PREMIS:formatRegistryName><PREMIS:formatRegistryKey>fmt/11</PREMIS:formatRegistryKey></PREMIS:formatRegistry></PREMIS:format></PREMIS:objectCharacteristics><PREMIS:originalName xlink:type="simple">Pdf_icon.png</PREMIS:originalName></PREMIS:object><PREMIS:event><PREMIS:eventIdentifier><PREMIS:eventIdentifierType>Docuteam</PREMIS:eventIdentifierType><PREMIS:eventIdentifierValue>_20161018172932657</PREMIS:eventIdentifierValue></PREMIS:eventIdentifier><PREMIS:eventType>Creation</PREMIS:eventType><PREMIS:eventDateTime>2016-10-18T17:29:32</PREMIS:eventDateTime><PREMIS:eventDetail>Performed by: 'graefr'</PREMIS:eventDetail><PREMIS:eventOutcomeInformation><PREMIS:eventOutcome>Success</PREMIS:eventOutcome></PREMIS:eventOutcomeInformation><PREMIS:linkingObjectIdentifier xlink:type="simple"><PREMIS:linkingObjectIdentifierType>Docuteam</PREMIS:linkingObjectIdentifierType><PREMIS:linkingObjectIdentifierValue>_20161018172932655</PREMIS:linkingObjectIdentifierValue></PREMIS:linkingObjectIdentifier></PREMIS:event></PREMIS:premis></METS:xmlData></METS:mdWrap></METS:digiprovMD><METS:digiprovMD ID="_20161018172932683"><METS:mdWrap MDTYPE="PREMIS"><METS:xmlData><PREMIS:premis version="2.2"><PREMIS:object xsi:type="PREMIS:file"><PREMIS:objectIdentifier><PREMIS:objectIdentifierType>Docuteam</PREMIS:objectIdentifierType><PREMIS:objectIdentifierValue>_20161018172932684</PREMIS:objectIdentifierValue></PREMIS:objectIdentifier><PREMIS:objectCharacteristics><PREMIS:compositionLevel>0</PREMIS:compositionLevel><PREMIS:fixity><PREMIS:messageDigestAlgorithm>SHA-512</PREMIS:messageDigestAlgorithm><PREMIS:messageDigest>6362a09b6c2dd0ec0a2c1829481ffbef0fbe0b1a09d6a436b946776242a358ff0c1de14e5cc105e3642895429e694d9341f00560a42660bb0c7c99c45b86bd66</PREMIS:messageDigest></PREMIS:fixity><PREMIS:size>1413495</PREMIS:size><PREMIS:format><PREMIS:formatDesignation><PREMIS:formatName>JPEG File Interchange Format</PREMIS:formatName></PREMIS:formatDesignation><PREMIS:formatRegistry><PREMIS:formatRegistryName>PRONOM</PREMIS:formatRegistryName><PREMIS:formatRegistryKey>fmt/43</PREMIS:formatRegistryKey></PREMIS:formatRegistry></PREMIS:format></PREMIS:objectCharacteristics><PREMIS:originalName xlink:type="simple">road-1072823_1920.jpg</PREMIS:originalName></PREMIS:object><PREMIS:event><PREMIS:eventIdentifier><PREMIS:eventIdentifierType>Docuteam</PREMIS:eventIdentifierType><PREMIS:eventIdentifierValue>_20161018172932695</PREMIS:eventIdentifierValue></PREMIS:eventIdentifier><PREMIS:eventType>Creation</PREMIS:eventType><PREMIS:eventDateTime>2016-10-18T17:29:32</PREMIS:eventDateTime><PREMIS:eventDetail>Performed by: 'graefr'</PREMIS:eventDetail><PREMIS:eventOutcomeInformation><PREMIS:eventOutcome>Success</PREMIS:eventOutcome></PREMIS:eventOutcomeInformation><PREMIS:linkingObjectIdentifier xlink:type="simple"><PREMIS:linkingObjectIdentifierType>Docuteam</PREMIS:linkingObjectIdentifierType><PREMIS:linkingObjectIdentifierValue>_20161018172932684</PREMIS:linkingObjectIdentifierValue></PREMIS:linkingObjectIdentifier></PREMIS:event></PREMIS:premis></METS:xmlData></METS:mdWrap></METS:digiprovMD><METS:digiprovMD ID="_20161018172932774"><METS:mdWrap MDTYPE="PREMIS"><METS:xmlData><PREMIS:premis version="2.2"><PREMIS:object xsi:type="PREMIS:file"><PREMIS:objectIdentifier><PREMIS:objectIdentifierType>Docuteam</PREMIS:objectIdentifierType><PREMIS:objectIdentifierValue>_20161018172932789</PREMIS:objectIdentifierValue></PREMIS:objectIdentifier><PREMIS:objectCharacteristics><PREMIS:compositionLevel>0</PREMIS:compositionLevel><PREMIS:fixity><PREMIS:messageDigestAlgorithm>SHA-512</PREMIS:messageDigestAlgorithm><PREMIS:messageDigest>84ceebf0d3c4505ed270c51d392d89c79358ba3f9c9d92ce4bf71511830dcabc64c8eabd9783491efebf862185bf921544330453e21c04445439a2b3f6dbd2f4</PREMIS:messageDigest></PREMIS:fixity><PREMIS:size>2499408</PREMIS:size><PREMIS:format><PREMIS:formatDesignation><PREMIS:formatName>Acrobat PDF 1.3 - Portable Document Format</PREMIS:formatName></PREMIS:formatDesignation><PREMIS:formatRegistry><PREMIS:formatRegistryName>PRONOM</PREMIS:formatRegistryName><PREMIS:formatRegistryKey>fmt/17</PREMIS:formatRegistryKey></PREMIS:formatRegistry></PREMIS:format></PREMIS:objectCharacteristics><PREMIS:originalName xlink:type="simple">tarnschrift.pdf</PREMIS:originalName></PREMIS:object><PREMIS:event><PREMIS:eventIdentifier><PREMIS:eventIdentifierType>Docuteam</PREMIS:eventIdentifierType><PREMIS:eventIdentifierValue>_20161018172932836</PREMIS:eventIdentifierValue></PREMIS:eventIdentifier><PREMIS:eventType>Creation</PREMIS:eventType><PREMIS:eventDateTime>2016-10-18T17:29:32</PREMIS:eventDateTime><PREMIS:eventDetail>Performed by: 'graefr'</PREMIS:eventDetail><PREMIS:eventOutcomeInformation><PREMIS:eventOutcome>Success</PREMIS:eventOutcome></PREMIS:eventOutcomeInformation><PREMIS:linkingObjectIdentifier xlink:type="simple"><PREMIS:linkingObjectIdentifierType>Docuteam</PREMIS:linkingObjectIdentifierType><PREMIS:linkingObjectIdentifierValue>_20161018172932789</PREMIS:linkingObjectIdentifierValue></PREMIS:linkingObjectIdentifier></PREMIS:event></PREMIS:premis></METS:xmlData></METS:mdWrap></METS:digiprovMD><METS:digiprovMD ID="_20161018172932993"><METS:mdWrap MDTYPE="PREMIS"><METS:xmlData><PREMIS:premis version="2.2"><PREMIS:object xsi:type="PREMIS:file"><PREMIS:objectIdentifier><PREMIS:objectIdentifierType>Docuteam</PREMIS:objectIdentifierType><PREMIS:objectIdentifierValue>_20161018172933008</PREMIS:objectIdentifierValue></PREMIS:objectIdentifier><PREMIS:objectCharacteristics><PREMIS:compositionLevel>0</PREMIS:compositionLevel><PREMIS:fixity><PREMIS:messageDigestAlgorithm>SHA-512</PREMIS:messageDigestAlgorithm><PREMIS:messageDigest>a91ca72de94416b4587be7b7bfd2dc562bad805cf0ae12d600ae812c2d053248a448adcb5ff4004c0dcd37c6410d2276f3028739d9a0565d15f19398b993fd59</PREMIS:messageDigest></PREMIS:fixity><PREMIS:size>210959</PREMIS:size><PREMIS:format><PREMIS:formatDesignation><PREMIS:formatName>JPEG File Interchange Format</PREMIS:formatName></PREMIS:formatDesignation><PREMIS:formatRegistry><PREMIS:formatRegistryName>PRONOM</PREMIS:formatRegistryName><PREMIS:formatRegistryKey>fmt/43</PREMIS:formatRegistryKey></PREMIS:formatRegistry></PREMIS:format></PREMIS:objectCharacteristics><PREMIS:originalName xlink:type="simple">venice-1035684_1280.jpg</PREMIS:originalName></PREMIS:object><PREMIS:event><PREMIS:eventIdentifier><PREMIS:eventIdentifierType>Docuteam</PREMIS:eventIdentifierType><PREMIS:eventIdentifierValue>_20161018172933024</PREMIS:eventIdentifierValue></PREMIS:eventIdentifier><PREMIS:eventType>Creation</PREMIS:eventType><PREMIS:eventDateTime>2016-10-18T17:29:33</PREMIS:eventDateTime><PREMIS:eventDetail>Performed by: 'graefr'</PREMIS:eventDetail><PREMIS:eventOutcomeInformation><PREMIS:eventOutcome>Success</PREMIS:eventOutcome></PREMIS:eventOutcomeInformation><PREMIS:linkingObjectIdentifier xlink:type="simple"><PREMIS:linkingObjectIdentifierType>Docuteam</PREMIS:linkingObjectIdentifierType><PREMIS:linkingObjectIdentifierValue>_20161018172933008</PREMIS:linkingObjectIdentifierValue></PREMIS:linkingObjectIdentifier></PREMIS:event></PREMIS:premis></METS:xmlData></METS:mdWrap></METS:digiprovMD></METS:amdSec>
	<METS:fileSec>
		<METS:fileGrp><METS:file ID="_20161018172928043" MIMETYPE="audio/x-wav"><METS:FLocat LOCTYPE="URL" xlink:href="file:///Pakete/Beispielbilder/ebert2.wav"/></METS:file><METS:file ID="_20161018172932389" MIMETYPE="image/jpeg"><METS:FLocat LOCTYPE="URL" xlink:href="file:///Pakete/Beispielbilder/FA025733.jpg"/></METS:file><METS:file ID="_20161018172932472" MIMETYPE="image/png"><METS:FLocat LOCTYPE="URL" xlink:href="file:///Pakete/Beispielbilder/fes.png"/></METS:file><METS:file ID="_20161018172932508" MIMETYPE="image/png"><METS:FLocat LOCTYPE="URL" xlink:href="file:///Pakete/Beispielbilder/frauentag.png"/></METS:file><METS:file ID="_20161018172932558" MIMETYPE="image/jpeg"><METS:FLocat LOCTYPE="URL" xlink:href="file:///Pakete/Beispielbilder/KA000715.jpg"/></METS:file><METS:file ID="_20161018172932584" MIMETYPE="image/jpeg"><METS:FLocat LOCTYPE="URL" xlink:href="file:///Pakete/Beispielbilder/KA001502.jpg"/></METS:file><METS:file ID="_20161018172932619" MIMETYPE="image/jpeg"><METS:FLocat LOCTYPE="URL" xlink:href="file:///Pakete/Beispielbilder/KA011427.jpg"/></METS:file><METS:file ID="_20161018172932636" MIMETYPE="image/jpeg"><METS:FLocat LOCTYPE="URL" xlink:href="file:///Pakete/Beispielbilder/knowledge-1052011_1920.jpg"/></METS:file><METS:file ID="_20161018172932651" MIMETYPE="image/png"><METS:FLocat LOCTYPE="URL" xlink:href="file:///Pakete/Beispielbilder/Pdf_icon.png"/></METS:file><METS:file ID="_20161018172932680" MIMETYPE="image/jpeg"><METS:FLocat LOCTYPE="URL" xlink:href="file:///Pakete/Beispielbilder/road-1072823_1920.jpg"/></METS:file><METS:file ID="_20161018172932732" MIMETYPE="application/pdf"><METS:FLocat LOCTYPE="URL" xlink:href="file:///Pakete/Beispielbilder/tarnschrift.pdf"/></METS:file><METS:file ID="_20161018172932977" MIMETYPE="image/jpeg"><METS:FLocat LOCTYPE="URL" xlink:href="file:///Pakete/Beispielbilder/venice-1035684_1280.jpg"/></METS:file></METS:fileGrp>
	</METS:fileSec>
	<METS:structMap>
		
	<METS:div LABEL="Pakete" TYPE="rootfolder" ADMID="_20161018172849852"><METS:div LABEL="EAD" TYPE="metadata" DMDID="_20161018172849899"/><METS:div LABEL="Beispielbilder" TYPE="folder" ADMID="_20161018172927965"><METS:div LABEL="EAD" TYPE="metadata" DMDID="_20161018172928012"/><METS:div LABEL="ebert2.wav" TYPE="file" ADMID="_20161018172932295"><METS:div LABEL="Content" TYPE="content"><METS:fptr FILEID="_20161018172928043"/></METS:div><METS:div LABEL="EAD" TYPE="metadata" DMDID="_20161018172932373"/></METS:div><METS:div LABEL="FA025733.jpg" TYPE="file" ADMID="_20161018172932404"><METS:div LABEL="Content" TYPE="content"><METS:fptr FILEID="_20161018172932389"/></METS:div><METS:div LABEL="EAD" TYPE="metadata" DMDID="_20161018172932451"/></METS:div><METS:div LABEL="fes.png" TYPE="file" ADMID="_20161018172932493"><METS:div LABEL="Content" TYPE="content"><METS:fptr FILEID="_20161018172932472"/></METS:div><METS:div LABEL="EAD" TYPE="metadata" DMDID="_20161018172932503"/></METS:div><METS:div LABEL="frauentag.png" TYPE="file" ADMID="_20161018172932519"><METS:div LABEL="Content" TYPE="content"><METS:fptr FILEID="_20161018172932508"/></METS:div><METS:div LABEL="EAD" TYPE="metadata" DMDID="_20161018172932553"/></METS:div><METS:div LABEL="KA000715.jpg" TYPE="file" ADMID="_20161018172932563"><METS:div LABEL="Content" TYPE="content"><METS:fptr FILEID="_20161018172932558"/></METS:div><METS:div LABEL="EAD" TYPE="metadata" DMDID="_20161018172932579"/></METS:div><METS:div LABEL="KA001502.jpg" TYPE="file" ADMID="_20161018172932588"><METS:div LABEL="Content" TYPE="content"><METS:fptr FILEID="_20161018172932584"/></METS:div><METS:div LABEL="EAD" TYPE="metadata" DMDID="_20161018172932614"/></METS:div><METS:div LABEL="KA011427.jpg" TYPE="file" ADMID="_20161018172932623"><METS:div LABEL="Content" TYPE="content"><METS:fptr FILEID="_20161018172932619"/></METS:div><METS:div LABEL="EAD" TYPE="metadata" DMDID="_20161018172932628"/></METS:div><METS:div LABEL="knowledge-1052011_1920.jpg" TYPE="file" ADMID="_20161018172932639"><METS:div LABEL="Content" TYPE="content"><METS:fptr FILEID="_20161018172932636"/></METS:div><METS:div LABEL="EAD" TYPE="metadata" DMDID="_20161018172932648"/></METS:div><METS:div LABEL="Pdf_icon.png" TYPE="file" ADMID="_20161018172932654"><METS:div LABEL="Content" TYPE="content"><METS:fptr FILEID="_20161018172932651"/></METS:div><METS:div LABEL="EAD" TYPE="metadata" DMDID="_20161018172932668"/></METS:div><METS:div LABEL="road-1072823_1920.jpg" TYPE="file" ADMID="_20161018172932683"><METS:div LABEL="Content" TYPE="content"><METS:fptr FILEID="_20161018172932680"/></METS:div><METS:div LABEL="EAD" TYPE="metadata" DMDID="_20161018172932705"/></METS:div><METS:div LABEL="tarnschrift.pdf" TYPE="file" ADMID="_20161018172932774"><METS:div LABEL="Content" TYPE="content"><METS:fptr FILEID="_20161018172932732"/></METS:div><METS:div LABEL="EAD" TYPE="metadata" DMDID="_20161018172932852"/></METS:div><METS:div LABEL="venice-1035684_1280.jpg" TYPE="file" ADMID="_20161018172932993"><METS:div LABEL="Content" TYPE="content"><METS:fptr FILEID="_20161018172932977"/></METS:div><METS:div LABEL="EAD" TYPE="metadata" DMDID="_20161018172933039"/></METS:div></METS:div></METS:div></METS:structMap>
</METS:mets>